{"name":"860c8040-6f86-47e7-adaa-a4d76fbe5666","id":"/providers/Microsoft.Flow/flows/860c8040-6f86-47e7-adaa-a4d76fbe5666","type":"Microsoft.Flow/flows","properties":{"apiId":"/providers/Microsoft.PowerApps/apis/shared_logicflows","displayName":"ServiceDesk","definition":{"metadata":{"workflowEntityId":null,"processAdvisorMetadata":null,"flowChargedByPaygo":null,"flowclientsuspensionreason":"None","flowclientsuspensiontime":null,"flowclientsuspensionreasondetails":null,"creator":{"id":"a4245985-2ac3-4fe6-a42d-6897fcdfe828","type":"User","tenantId":"6d42f857-323b-499f-b352-d1fa626babf4"},"provisioningMethod":"FromDefinition","failureAlertSubscription":true,"clientLastModifiedTime":"2023-04-26T14:02:10.7495337Z"},"$schema":"https://schema.management.azure.com/providers/Microsoft.Logic/schemas/2016-06-01/workflowdefinition.json#","contentVersion":"1.0.0.0","parameters":{"$connections":{"defaultValue":{},"type":"Object"},"$authentication":{"defaultValue":{},"type":"SecureObject"}},"triggers":{"When_an_item_is_created_or_modified":{"recurrence":{"frequency":"Minute","interval":5},"splitOn":"@triggerOutputs()?['body/value']","metadata":{"operationMetadataId":"ed3f92b5-22ec-489a-9d6c-9328b3004605"},"type":"OpenApiConnection","inputs":{"host":{"apiId":"/providers/Microsoft.PowerApps/apis/shared_sharepointonline","connectionName":"shared_sharepointonline","operationId":"GetOnUpdatedItems"},"parameters":{"dataset":"https://xdzvk.sharepoint.com/sites/Test","table":"bd8a9527-7884-464e-9529-104497673eb0"},"authentication":"@parameters('$authentication')"},"conditions":[{"expression":"@equals(triggerBody()?['FlowTriigerStatus']?['Value'],'Yes')"}]}},"actions":{"Get_item":{"runAfter":{},"metadata":{"operationMetadataId":"5d248795-154a-47c1-a38d-0418ae42b2b7"},"type":"OpenApiConnection","inputs":{"host":{"apiId":"/providers/Microsoft.PowerApps/apis/shared_sharepointonline","connectionName":"shared_sharepointonline","operationId":"GetItem"},"parameters":{"dataset":"https://xdzvk.sharepoint.com/sites/Test","table":"bd8a9527-7884-464e-9529-104497673eb0","id":"@triggerOutputs()?['body/ID']"},"authentication":"@parameters('$authentication')"}},"Get_items":{"runAfter":{"Get_item":["Succeeded"]},"metadata":{"operationMetadataId":"259b2bc7-aabb-4145-90a5-b98fddb42d05"},"type":"OpenApiConnection","inputs":{"host":{"apiId":"/providers/Microsoft.PowerApps/apis/shared_sharepointonline","connectionName":"shared_sharepointonline","operationId":"GetItems"},"parameters":{"dataset":"https://xdzvk.sharepoint.com/sites/Test","table":"c8e653b1-99f4-4376-8033-34f1a036c67f","$filter":"ID eq '@{outputs('Get_item')?['body/DepartmentLookup/Id']}'"},"authentication":"@parameters('$authentication')"}},"Apply_to_each_2":{"foreach":"@outputs('Get_items')?['body/value']","actions":{"Condition_5":{"actions":{"Condition_6":{"actions":{"Update_item_2":{"runAfter":{},"metadata":{"operationMetadataId":"95db5156-2728-487d-8a1a-437439e4619b"},"type":"OpenApiConnection","inputs":{"host":{"apiId":"/providers/Microsoft.PowerApps/apis/shared_sharepointonline","connectionName":"shared_sharepointonline","operationId":"PatchItem"},"parameters":{"dataset":"https://xdzvk.sharepoint.com/sites/Test","table":"bd8a9527-7884-464e-9529-104497673eb0","id":"@outputs('Get_item')?['body/ID']","item/Title":"@outputs('Get_item')?['body/Title']","item/ApprovalStatus/Value":"Pending Approval from Reporting Officer","item/FlowTriigerStatus/Value":"No"},"authentication":"@parameters('$authentication')"}},"Condition_8":{"actions":{"Condition_2":{"actions":{"Update_item_4":{"runAfter":{},"metadata":{"operationMetadataId":"5f2a3019-d91d-4c19-8678-95b85c1176f6"},"type":"OpenApiConnection","inputs":{"host":{"apiId":"/providers/Microsoft.PowerApps/apis/shared_sharepointonline","connectionName":"shared_sharepointonline","operationId":"PatchItem"},"parameters":{"dataset":"https://xdzvk.sharepoint.com/sites/Test","table":"bd8a9527-7884-464e-9529-104497673eb0","id":"@outputs('Get_item')?['body/ID']","item/Title":"@outputs('Get_item')?['body/Title']","item/ApprovalStatus/Value":"Pending Approval from Department Head","item/FlowTriigerStatus/Value":"No"},"authentication":"@parameters('$authentication')"}},"Start_and_wait_for_an_approval_4":{"runAfter":{"Update_item_4":["Succeeded"]},"metadata":{"operationMetadataId":"b53f2b10-6d6e-4e05-bba5-3d13b801617f"},"type":"OpenApiConnectionWebhook","inputs":{"host":{"apiId":"/providers/Microsoft.PowerApps/apis/shared_approvals","connectionName":"shared_approvals","operationId":"StartAndWaitForAnApproval"},"parameters":{"approvalType":"Basic","WebhookApprovalCreationInput/title":"@outputs('Get_item')?['body/Title']","WebhookApprovalCreationInput/assignedTo":"goutham.thoutu@xdzvk.onmicrosoft.com;","WebhookApprovalCreationInput/details":"Department Head Approval","WebhookApprovalCreationInput/itemLink":"@outputs('Get_item')?['body/{Link}']","WebhookApprovalCreationInput/itemLinkDescription":"@outputs('Get_item')?['body/Title']","WebhookApprovalCreationInput/requestor":"@{outputs('Get_item')?['body/Editor/Email']};","WebhookApprovalCreationInput/enableNotifications":true,"WebhookApprovalCreationInput/enableReassignment":true},"authentication":"@parameters('$authentication')"}},"Condition_10":{"actions":{"Apply_to_each_7":{"foreach":"@outputs('Start_and_wait_for_an_approval_4')?['body/responses']","actions":{"Send_an_email_(V2)_5":{"runAfter":{},"metadata":{"operationMetadataId":"fe6e307a-d919-4992-8572-1a8fac9dcc4b"},"type":"OpenApiConnection","inputs":{"host":{"apiId":"/providers/Microsoft.PowerApps/apis/shared_office365","connectionName":"shared_office365","operationId":"SendEmailV2"},"parameters":{"emailMessage/To":"@outputs('Get_item')?['body/Author/Email']","emailMessage/Subject":"Approved","emailMessage/Body":"<p>Your Request @{outputs('Get_item')?['body/ID']} - @{outputs('Get_item')?['body/Title']} has been Approved by @{items('Apply_to_each_7')?['responder/displayName']}</p>","emailMessage/Importance":"Normal"},"authentication":"@parameters('$authentication')"}},"Update_item_5":{"runAfter":{"Send_an_email_(V2)_5":["Succeeded"]},"metadata":{"operationMetadataId":"ee3935c7-4bc4-4b9e-a1ae-a5096b05522e"},"type":"OpenApiConnection","inputs":{"host":{"apiId":"/providers/Microsoft.PowerApps/apis/shared_sharepointonline","connectionName":"shared_sharepointonline","operationId":"PatchItem"},"parameters":{"dataset":"https://xdzvk.sharepoint.com/sites/Test","table":"bd8a9527-7884-464e-9529-104497673eb0","id":"@outputs('Get_item')?['body/ID']","item/Title":"@outputs('Get_item')?['body/Title']","item/ApprovalStatus/Value":"Approved","item/ApprovalComments":"@items('Apply_to_each_7')?['comments']","item/FlowTriigerStatus/Value":"No"},"authentication":"@parameters('$authentication')"}}},"runAfter":{},"metadata":{"operationMetadataId":"5518e557-3fb7-4af6-8aef-1d45dd0cd20d"},"type":"Foreach"}},"runAfter":{"Start_and_wait_for_an_approval_4":["Succeeded"]},"else":{"actions":{"Apply_to_each":{"foreach":"@outputs('Start_and_wait_for_an_approval_4')?['body/responses']","actions":{"Send_an_email_(V2)":{"runAfter":{},"metadata":{"operationMetadataId":"3eb95bee-1b07-48ca-b830-07e260234f76"},"type":"OpenApiConnection","inputs":{"host":{"apiId":"/providers/Microsoft.PowerApps/apis/shared_office365","connectionName":"shared_office365","operationId":"SendEmailV2"},"parameters":{"emailMessage/To":"@items('Apply_to_each_2')?['Author/Email']","emailMessage/Subject":"Rejected","emailMessage/Body":"<p>Your Request @{outputs('Get_item')?['body/ID']} - @{outputs('Get_item')?['body/Title']} has been Rejected by @{items('Apply_to_each')?['responder/displayName']}</p>","emailMessage/Importance":"Normal"},"authentication":"@parameters('$authentication')"}},"Update_item_6":{"runAfter":{"Send_an_email_(V2)":["Succeeded"]},"metadata":{"operationMetadataId":"3e7a55be-98f2-4ade-85cf-ca22da19807a"},"type":"OpenApiConnection","inputs":{"host":{"apiId":"/providers/Microsoft.PowerApps/apis/shared_sharepointonline","connectionName":"shared_sharepointonline","operationId":"PatchItem"},"parameters":{"dataset":"https://xdzvk.sharepoint.com/sites/Test","table":"bd8a9527-7884-464e-9529-104497673eb0","id":"@outputs('Get_item')?['body/ID']","item/Title":"@outputs('Get_item')?['body/Title']","item/ApprovalStatus/Value":"Rejected","item/ApprovalComments":"@items('Apply_to_each')?['comments']","item/FlowTriigerStatus/Value":"No"},"authentication":"@parameters('$authentication')"}}},"runAfter":{},"metadata":{"operationMetadataId":"5e242fed-00c3-4dc7-8b28-f83ccf012668"},"type":"Foreach"}}},"expression":{"equals":["@outputs('Start_and_wait_for_an_approval_4')?['body/outcome']","Approve"]},"metadata":{"operationMetadataId":"8e763943-267e-43ea-b052-084e9646edde"},"type":"If"}},"runAfter":{},"else":{"actions":{"Apply_to_each_6":{"foreach":"@outputs('Start_and_wait_for_an_approval_3')?['body/responses']","actions":{"Update_item_7":{"runAfter":{},"metadata":{"operationMetadataId":"dd78da35-c865-4f16-9316-d53dcca8632c"},"type":"OpenApiConnection","inputs":{"host":{"apiId":"/providers/Microsoft.PowerApps/apis/shared_sharepointonline","connectionName":"shared_sharepointonline","operationId":"PatchItem"},"parameters":{"dataset":"https://xdzvk.sharepoint.com/sites/Test","table":"bd8a9527-7884-464e-9529-104497673eb0","id":"@outputs('Get_item')?['body/ID']","item/Title":"@outputs('Get_item')?['body/Title']","item/ApprovalStatus/Value":"Approved","item/ApprovalComments":"@items('Apply_to_each_6')?['comments']","item/FlowTriigerStatus/Value":"No"},"authentication":"@parameters('$authentication')"}}},"runAfter":{},"metadata":{"operationMetadataId":"5ca2897b-5181-47ef-ac47-466d05cff754"},"type":"Foreach"}}},"expression":{"equals":["@items('Apply_to_each_2')?['ROrequried']","@true"]},"metadata":{"operationMetadataId":"1c361062-efd2-4241-b9f3-09bd1c9200b1"},"type":"If"}},"runAfter":{"Start_and_wait_for_an_approval_3":["Succeeded"]},"else":{"actions":{"Apply_to_each_3":{"foreach":"@outputs('Start_and_wait_for_an_approval_3')?['body/responses']","actions":{"Send_an_email_(V2)_2":{"runAfter":{},"metadata":{"operationMetadataId":"16d9bff1-7dd0-4a5b-9a21-49a4aa3fdddc"},"type":"OpenApiConnection","inputs":{"host":{"apiId":"/providers/Microsoft.PowerApps/apis/shared_office365","connectionName":"shared_office365","operationId":"SendEmailV2"},"parameters":{"emailMessage/To":"@items('Apply_to_each_2')?['Author/Email']","emailMessage/Subject":"Rejected","emailMessage/Body":"<p>Your Request @{outputs('Get_item')?['body/ID']} - @{outputs('Get_item')?['body/Title']} has been Rejected by @{items('Apply_to_each_3')?['responder/displayName']}</p>","emailMessage/Importance":"Normal"},"authentication":"@parameters('$authentication')"}},"Update_item_3":{"runAfter":{"Send_an_email_(V2)_2":["Succeeded"]},"metadata":{"operationMetadataId":"9533c0b1-cfee-4a2c-becc-dccc3cb339e5"},"type":"OpenApiConnection","inputs":{"host":{"apiId":"/providers/Microsoft.PowerApps/apis/shared_sharepointonline","connectionName":"shared_sharepointonline","operationId":"PatchItem"},"parameters":{"dataset":"https://xdzvk.sharepoint.com/sites/Test","table":"bd8a9527-7884-464e-9529-104497673eb0","id":"@outputs('Get_item')?['body/ID']","item/Title":"@outputs('Get_item')?['body/Title']","item/ApprovalStatus/Value":"Rejected","item/ApprovalComments":"@items('Apply_to_each_3')?['comments']","item/FlowTriigerStatus/Value":"No"},"authentication":"@parameters('$authentication')"}}},"runAfter":{},"metadata":{"operationMetadataId":"fb9a37b1-c502-40ab-80ad-fda92ae8aad0"},"type":"Foreach"}}},"expression":{"equals":["@outputs('Start_and_wait_for_an_approval_3')?['body/outcome']","Approve"]},"metadata":{"operationMetadataId":"8e763943-267e-43ea-b052-084e9646edde"},"type":"If"},"Start_and_wait_for_an_approval_3":{"runAfter":{"Update_item_2":["Succeeded"]},"metadata":{"operationMetadataId":"b53f2b10-6d6e-4e05-bba5-3d13b801617f"},"type":"OpenApiConnectionWebhook","inputs":{"host":{"apiId":"/providers/Microsoft.PowerApps/apis/shared_approvals","connectionName":"shared_approvals","operationId":"StartAndWaitForAnApproval"},"parameters":{"approvalType":"Basic","WebhookApprovalCreationInput/title":"@outputs('Get_item')?['body/Title']","WebhookApprovalCreationInput/assignedTo":"goutham.thoutu@xdzvk.onmicrosoft.com;","WebhookApprovalCreationInput/details":"Reporting Officer Approval","WebhookApprovalCreationInput/itemLink":"@outputs('Get_item')?['body/{Link}']","WebhookApprovalCreationInput/itemLinkDescription":"@outputs('Get_item')?['body/Title']","WebhookApprovalCreationInput/requestor":"@{outputs('Get_item')?['body/Editor/Email']};","WebhookApprovalCreationInput/enableNotifications":true,"WebhookApprovalCreationInput/enableReassignment":false},"authentication":"@parameters('$authentication')"}}},"runAfter":{},"else":{"actions":{"Condition_7":{"actions":{"Update_item_8":{"runAfter":{},"metadata":{"operationMetadataId":"95db5156-2728-487d-8a1a-437439e4619b"},"type":"OpenApiConnection","inputs":{"host":{"apiId":"/providers/Microsoft.PowerApps/apis/shared_sharepointonline","connectionName":"shared_sharepointonline","operationId":"PatchItem"},"parameters":{"dataset":"https://xdzvk.sharepoint.com/sites/Test","table":"bd8a9527-7884-464e-9529-104497673eb0","id":"@outputs('Get_item')?['body/ID']","item/Title":"@outputs('Get_item')?['body/Title']","item/ApprovalStatus/Value":"Pending Approval from Department Head","item/FlowTriigerStatus/Value":"No"},"authentication":"@parameters('$authentication')"}},"Condition":{"actions":{"Apply_to_each_4":{"foreach":"@outputs('Start_and_wait_for_an_approval')?['body/responses']","actions":{"Send_an_email_(V2)_3":{"runAfter":{},"metadata":{"operationMetadataId":"21f81c23-68b1-4d82-bab2-d9b509d08413"},"type":"OpenApiConnection","inputs":{"host":{"apiId":"/providers/Microsoft.PowerApps/apis/shared_office365","connectionName":"shared_office365","operationId":"SendEmailV2"},"parameters":{"emailMessage/To":"@triggerOutputs()?['body/Author/Email']","emailMessage/Subject":"Approved","emailMessage/Body":"<p>Your Request @{outputs('Get_item')?['body/ID']} - @{outputs('Get_item')?['body/Title']} has been Approved by @{items('Apply_to_each_4')?['responder/displayName']}</p>","emailMessage/Importance":"Normal"},"authentication":"@parameters('$authentication')"}},"Update_item_10":{"runAfter":{"Send_an_email_(V2)_3":["Succeeded"]},"metadata":{"operationMetadataId":"95db5156-2728-487d-8a1a-437439e4619b"},"type":"OpenApiConnection","inputs":{"host":{"apiId":"/providers/Microsoft.PowerApps/apis/shared_sharepointonline","connectionName":"shared_sharepointonline","operationId":"PatchItem"},"parameters":{"dataset":"https://xdzvk.sharepoint.com/sites/Test","table":"bd8a9527-7884-464e-9529-104497673eb0","id":"@outputs('Get_item')?['body/ID']","item/Title":"@outputs('Get_item')?['body/Title']","item/ApprovalStatus/Value":"Approved","item/ApprovalComments":"@items('Apply_to_each_4')?['comments']","item/FlowTriigerStatus/Value":"No"},"authentication":"@parameters('$authentication')"}}},"runAfter":{},"metadata":{"operationMetadataId":"7cef6240-6457-433a-8535-4360ed39c941"},"type":"Foreach"}},"runAfter":{"Start_and_wait_for_an_approval":["Succeeded"]},"else":{"actions":{"Apply_to_each_5":{"foreach":"@outputs('Start_and_wait_for_an_approval')?['body/responses']","actions":{"Send_an_email_(V2)_4":{"runAfter":{},"metadata":{"operationMetadataId":"4863134b-6891-42c5-be87-5a904378c408"},"type":"OpenApiConnection","inputs":{"host":{"apiId":"/providers/Microsoft.PowerApps/apis/shared_office365","connectionName":"shared_office365","operationId":"SendEmailV2"},"parameters":{"emailMessage/To":"@outputs('Get_item')?['body/Author/Email']","emailMessage/Subject":"Rejected","emailMessage/Body":"<p>Your Request @{outputs('Get_item')?['body/ID']} - @{outputs('Get_item')?['body/Title']} has been Rejected by @{items('Apply_to_each_5')?['responder/displayName']}<br>\n<br>\nApprover Comments : @{items('Apply_to_each_5')?['comments']}</p>","emailMessage/Importance":"Normal"},"authentication":"@parameters('$authentication')"}},"Update_item_11":{"runAfter":{"Send_an_email_(V2)_4":["Succeeded"]},"metadata":{"operationMetadataId":"95db5156-2728-487d-8a1a-437439e4619b"},"type":"OpenApiConnection","inputs":{"host":{"apiId":"/providers/Microsoft.PowerApps/apis/shared_sharepointonline","connectionName":"shared_sharepointonline","operationId":"PatchItem"},"parameters":{"dataset":"https://xdzvk.sharepoint.com/sites/Test","table":"bd8a9527-7884-464e-9529-104497673eb0","id":"@outputs('Get_item')?['body/ID']","item/Title":"@outputs('Get_item')?['body/Title']","item/ApprovalStatus/Value":"Rejected","item/ApprovalComments":"@items('Apply_to_each_5')?['comments']","item/FlowTriigerStatus/Value":"No"},"authentication":"@parameters('$authentication')"}}},"runAfter":{},"metadata":{"operationMetadataId":"79c84e50-3dc8-48be-a7f5-bb541f905d1c"},"type":"Foreach"}}},"expression":{"equals":["@outputs('Start_and_wait_for_an_approval')?['body/outcome']","Approve"]},"metadata":{"operationMetadataId":"33a0567f-3a43-41d3-944a-3d01296ed9b6"},"type":"If"},"Start_and_wait_for_an_approval":{"runAfter":{"Update_item_8":["Succeeded"]},"metadata":{"operationMetadataId":"31fa91d6-1e51-472e-a169-e771a22f79e0"},"type":"OpenApiConnectionWebhook","inputs":{"host":{"apiId":"/providers/Microsoft.PowerApps/apis/shared_approvals","connectionName":"shared_approvals","operationId":"StartAndWaitForAnApproval"},"parameters":{"approvalType":"Basic","WebhookApprovalCreationInput/title":"@outputs('Get_item')?['body/Title']","WebhookApprovalCreationInput/assignedTo":"goutham.thoutu@xdzvk.onmicrosoft.com;","WebhookApprovalCreationInput/details":"Department Head Approval","WebhookApprovalCreationInput/itemLink":"@outputs('Get_item')?['body/{Link}']","WebhookApprovalCreationInput/enableNotifications":true,"WebhookApprovalCreationInput/enableReassignment":true},"authentication":"@parameters('$authentication')"}}},"runAfter":{},"else":{"actions":{"Update_item_9":{"runAfter":{},"metadata":{"operationMetadataId":"95db5156-2728-487d-8a1a-437439e4619b"},"type":"OpenApiConnection","inputs":{"host":{"apiId":"/providers/Microsoft.PowerApps/apis/shared_sharepointonline","connectionName":"shared_sharepointonline","operationId":"PatchItem"},"parameters":{"dataset":"https://xdzvk.sharepoint.com/sites/Test","table":"bd8a9527-7884-464e-9529-104497673eb0","id":"@outputs('Get_item')?['body/ID']","item/Title":"@outputs('Get_item')?['body/Title']","item/ApprovalStatus/Value":"Approved","item/FlowTriigerStatus/Value":"No"},"authentication":"@parameters('$authentication')"}}}},"expression":{"equals":["@items('Apply_to_each_2')?['ROrequried']","@true"]},"metadata":{"operationMetadataId":"d5bddcd3-e90c-4081-a1a2-04b4cdcf20f2"},"type":"If"}}},"expression":{"equals":["@items('Apply_to_each_2')?['ReportingOfficer']","@true"]},"metadata":{"operationMetadataId":"c8a0d674-1078-430b-abac-e59886b9af65"},"type":"If"}},"runAfter":{},"else":{"actions":{"Update_item":{"runAfter":{},"metadata":{"operationMetadataId":"60fb0193-2cde-410e-b7e8-146ee4709e7d"},"type":"OpenApiConnection","inputs":{"host":{"apiId":"/providers/Microsoft.PowerApps/apis/shared_sharepointonline","connectionName":"shared_sharepointonline","operationId":"PatchItem"},"parameters":{"dataset":"https://xdzvk.sharepoint.com/sites/Test","table":"bd8a9527-7884-464e-9529-104497673eb0","id":"@outputs('Get_item')?['body/ID']","item/Title":"@outputs('Get_item')?['body/Title']","item/ApprovalStatus/Value":"Approved","item/FlowTriigerStatus/Value":"No"},"authentication":"@parameters('$authentication')"}}}},"expression":{"equals":["@items('Apply_to_each_2')?['ApprovalReqestor']","@true"]},"metadata":{"operationMetadataId":"7ad4a1cf-f6c7-4ffd-8366-472ada1ef467"},"type":"If"}},"runAfter":{"Get_items":["Succeeded"]},"metadata":{"operationMetadataId":"1f94155c-1c2e-4fd5-9cce-d100df3ebd70"},"type":"Foreach"}}},"connectionReferences":{"shared_sharepointonline":{"connectionName":"601ed8c716304cb398b690aee2bf7882","source":"Embedded","id":"/providers/Microsoft.PowerApps/apis/shared_sharepointonline","tier":"NotSpecified"},"shared_approvals":{"connectionName":"shared-approvals-8c2fc03c-0634-434c-a3b9-016dcf29c8dc","source":"Embedded","id":"/providers/Microsoft.PowerApps/apis/shared_approvals","tier":"NotSpecified"},"shared_office365":{"connectionName":"shared-office365-3c60bcb3-b138-48e1-b9f6-8c84fa5e04e0","source":"Embedded","id":"/providers/Microsoft.PowerApps/apis/shared_office365","tier":"NotSpecified"}},"flowFailureAlertSubscribed":false,"isManaged":false}}