{"name":"d8f2a8da-32e9-46d1-8274-befb5026896e","id":"/providers/Microsoft.Flow/flows/d8f2a8da-32e9-46d1-8274-befb5026896e","type":"Microsoft.Flow/flows","properties":{"apiId":"/providers/Microsoft.PowerApps/apis/shared_logicflows","displayName":"TriggerFromGalleryFlow","definition":{"metadata":{"workflowEntityId":null,"processAdvisorMetadata":null,"flowChargedByPaygo":null,"flowclientsuspensionreason":"None","flowclientsuspensiontime":null,"flowclientsuspensionreasondetails":null,"creator":{"id":"2bacd345-c9f6-4e92-b8a1-e786f0e778aa","type":"User","tenantId":"6d42f857-323b-499f-b352-d1fa626babf4"},"provisioningMethod":"FromDefinition","failureAlertSubscription":true,"clientLastModifiedTime":"2025-08-05T06:09:45.1639997Z","connectionKeySavedTimeKey":"2025-08-05T06:09:45.1639997Z","creationSource":"PowerappsPpux","modifiedSources":"PowerappsPpux"},"$schema":"https://schema.management.azure.com/providers/Microsoft.Logic/schemas/2016-06-01/workflowdefinition.json#","contentVersion":"1.0.0.0","parameters":{"$connections":{"defaultValue":{},"type":"Object"},"$authentication":{"defaultValue":{},"type":"SecureObject"}},"triggers":{"manual":{"metadata":{"operationMetadataId":"51207ae3-1c4f-46b4-853f-6d80950bf3d2"},"type":"Request","kind":"PowerAppV2","inputs":{"schema":{"type":"object","properties":{"text":{"title":"OrgID","type":"string","x-ms-dynamically-added":true,"description":"Please enter your input","x-ms-content-hint":"TEXT"}},"required":["text"]}}}},"actions":{"Get_items":{"runAfter":{"ListName_PLRA_Permissions":["Succeeded"]},"metadata":{"operationMetadataId":"271ae6e4-012f-4968-979d-e1f6d5a366a9"},"type":"OpenApiConnection","inputs":{"host":{"apiId":"/providers/Microsoft.PowerApps/apis/shared_sharepointonline","connectionName":"shared_sharepointonline","operationId":"GetItems"},"parameters":{"dataset":"@outputs('SiteURL')","table":"@outputs('ListName_PLRA_Permissions_Organisations')","$filter":"OrganisationID eq '@{outputs('Compose')}' "},"authentication":{"value":"@json(decodeBase64(triggerOutputs().headers['X-MS-APIM-Tokens']))['$ConnectionKey']","type":"Raw"}}},"Compose":{"runAfter":{},"metadata":{"operationMetadataId":"3d75ecb5-ccab-4d5f-a1ff-4b9c0ee1e9da"},"type":"Compose","inputs":"@triggerBody()['text']"},"Apply_to_each":{"foreach":"@outputs('Get_items')?['body/value']","actions":{"Get_items_2":{"runAfter":{},"metadata":{"operationMetadataId":"f7d9eb90-d785-4c2d-be7d-4666b884cb5d"},"type":"OpenApiConnection","inputs":{"host":{"apiId":"/providers/Microsoft.PowerApps/apis/shared_sharepointonline","connectionName":"shared_sharepointonline_1","operationId":"GetItems"},"parameters":{"dataset":"@outputs('SiteURL')","table":"@outputs('ListName_PLRA_Permissions')","$filter":"Person_ID eq @{items('Apply_to_each')?['PersonID']}"},"authentication":{"value":"@json(decodeBase64(triggerOutputs().headers['X-MS-APIM-Tokens']))['$ConnectionKey']","type":"Raw"}}},"Apply_to_each_2":{"foreach":"@outputs('Get_items_2')?['body/value']","actions":{"Send_an_email_(V2)":{"runAfter":{},"metadata":{"operationMetadataId":"eb823947-2f93-42e0-a3cf-a2e081833f03"},"type":"OpenApiConnection","inputs":{"host":{"apiId":"/providers/Microsoft.PowerApps/apis/shared_office365","connectionName":"shared_office365_1","operationId":"SendEmailV2"},"parameters":{"emailMessage/To":"@items('Apply_to_each_2')?['AD_Record/Email']","emailMessage/Subject":"Test","emailMessage/Body":"<p>Test</p>","emailMessage/Importance":"Normal"},"authentication":{"value":"@json(decodeBase64(triggerOutputs().headers['X-MS-APIM-Tokens']))['$ConnectionKey']","type":"Raw"}}}},"runAfter":{"Get_items_2":["Succeeded"]},"metadata":{"operationMetadataId":"56cdba40-a7ea-4d03-bfd9-166057c1cdc0"},"type":"Foreach"}},"runAfter":{"Get_items":["Succeeded"]},"metadata":{"operationMetadataId":"b6cfa69b-6500-4706-8e5a-6951b5d96a2c"},"type":"Foreach"},"SiteURL":{"runAfter":{"Compose":["Succeeded"]},"metadata":{"operationMetadataId":"baf8bf41-664a-411c-95f0-6b06451a8a2a"},"type":"Compose","inputs":"https://xdzvk.sharepoint.com/sites/ecommerce/"},"ListName_PLRA_Permissions_Organisations":{"runAfter":{"SiteURL":["Succeeded"]},"metadata":{"operationMetadataId":"86aae56b-6dfe-4431-be4c-1b38d6bdc9ad"},"type":"Compose","inputs":"PLRA_Permissions_Organisations"},"ListName_PLRA_Permissions":{"runAfter":{"ListName_PLRA_Permissions_Organisations":["Succeeded"]},"metadata":{"operationMetadataId":"86aae56b-6dfe-4431-be4c-1b38d6bdc9ad"},"type":"Compose","inputs":"PLRA_Permissions"}}},"connectionReferences":{"shared_sharepointonline":{"connectionName":"3e79d83706534f7fa545a7d176aefb08","source":"Invoker","id":"/providers/Microsoft.PowerApps/apis/shared_sharepointonline","tier":"NotSpecified","apiName":"sharepointonline","isProcessSimpleApiReferenceConversionAlreadyDone":false},"shared_sharepointonline_1":{"connectionName":"05221f4acb114dc4a704fd5c7ff616e6","source":"Invoker","id":"/providers/Microsoft.PowerApps/apis/shared_sharepointonline","tier":"NotSpecified","apiName":"sharepointonline","isProcessSimpleApiReferenceConversionAlreadyDone":false},"shared_office365_1":{"connectionName":"shared-office365-9c78335d-8bcd-4274-b3e4-6e44be4cf884","source":"Invoker","id":"/providers/Microsoft.PowerApps/apis/shared_office365","tier":"NotSpecified","apiName":"office365","isProcessSimpleApiReferenceConversionAlreadyDone":false}},"flowFailureAlertSubscribed":false,"isManaged":false}}