{"name":"5f0aed2b-c28e-4f0e-80ad-fb3d1ecd5ba8","id":"/providers/Microsoft.Flow/flows/5f0aed2b-c28e-4f0e-80ad-fb3d1ecd5ba8","type":"Microsoft.Flow/flows","properties":{"apiId":"/providers/Microsoft.PowerApps/apis/shared_logicflows","displayName":"Final - SP vs Excel Comp","definition":{"metadata":{"workflowEntityId":null,"processAdvisorMetadata":null,"flowclientsuspensionreason":"None","flowclientsuspensiontime":null,"creator":{"id":"4a169df4-3458-46b3-8091-0a55cd704a68","type":"User","tenantId":"2d0b98a5-b2f4-491b-9538-e92ed8057eb7"},"provisioningMethod":"FromDefinition","failureAlertSubscription":true,"clientLastModifiedTime":"2021-11-26T08:01:25.966565Z"},"$schema":"https://schema.management.azure.com/providers/Microsoft.Logic/schemas/2016-06-01/workflowdefinition.json#","contentVersion":"1.0.0.0","parameters":{"$connections":{"defaultValue":{},"type":"Object"},"$authentication":{"defaultValue":{},"type":"SecureObject"}},"triggers":{"manual":{"metadata":{"operationMetadataId":"fcb014ed-6a33-4987-92e4-f98cbfaed31e"},"type":"Request","kind":"Button","inputs":{"schema":{"type":"object","properties":{"text":{"title":"Input","type":"string","x-ms-dynamically-added":true,"description":"1","x-ms-content-hint":"TEXT"}},"required":["text"]}}}},"actions":{"Try":{"actions":{"Get_items_2":{"runAfter":{},"limit":{"timeout":"P1D"},"metadata":{"operationMetadataId":"2d31fff8-4fe6-40b0-a343-949ee017652c"},"type":"OpenApiConnection","inputs":{"host":{"apiId":"/providers/Microsoft.PowerApps/apis/shared_sharepointonline","connectionName":"shared_sharepointonline","operationId":"GetItems"},"parameters":{"dataset":"https://gthoutu123.sharepoint.com/sites/Sharepoint","table":"4ca61802-fe8f-4435-bbd1-e0d309fb2cdf","$filter":"(Name ne '0') and (Email ne '0')"},"authentication":{"value":"@json(decodeBase64(triggerOutputs().headers['X-MS-APIM-Tokens']))['$ConnectionKey']","type":"Raw"}},"runtimeConfiguration":{"paginationPolicy":{"minimumItemCount":5000}}},"Apply_to_each":{"foreach":"@outputs('Get_items_2')?['body/value']","actions":{"Apply_to_each_2":{"foreach":"@outputs('List_rows_present_in_a_table')?['body/value']","actions":{"Condition":{"actions":{"Set_variable":{"runAfter":{},"metadata":{"operationMetadataId":"163a4df8-7c02-4369-9109-e41aefc2e578"},"type":"SetVariable","inputs":{"name":"boolMatch","value":"@true"}}},"runAfter":{},"expression":{"equals":["@items('Apply_to_each')?['Name']","@items('Apply_to_each_2')?['Name']"]},"metadata":{"operationMetadataId":"9b66166f-65b5-4654-aab1-386ba3ac5ddb"},"type":"If"}},"runAfter":{"List_rows_present_in_a_table":["Succeeded"]},"metadata":{"operationMetadataId":"2a47fe21-887a-442b-9d09-78c0f0c9f614"},"type":"Foreach","runtimeConfiguration":{"concurrency":{"repetitions":50}}},"Condition_2":{"actions":{"Add_a_row_into_a_table":{"runAfter":{},"metadata":{"01UHIUK6OBU7WITH4AQBD2ZBPJTRECF4VW":"/output.xlsx","operationMetadataId":"1c2fb63a-97d9-4a4d-bd7b-f926beae73cc","tableId":"{A81D2EF8-7416-488F-99B8-04AE2AAD8A20}","01UHIUK6MI5IG6UNRUW5ALW3SQVUOC2ED7":"/2ndTable.xlsx","01UHIUK6MEO4Q67ZKKDFFYQG74WCVTSZ3R":"/1stTable.xlsx"},"type":"OpenApiConnection","inputs":{"host":{"apiId":"/providers/Microsoft.PowerApps/apis/shared_excelonlinebusiness","connectionName":"shared_excelonlinebusiness","operationId":"AddRowV2"},"parameters":{"source":"me","drive":"b!fCaP_rsqtkurGAOdcK8_AjOrDjqpj71KtWi8Temgje6im3jrMtzsRYK1TfigreRK","file":"01UHIUK6MEO4Q67ZKKDFFYQG74WCVTSZ3R","table":"{A81D2EF8-7416-488F-99B8-04AE2AAD8A20}","item/Name":"@items('Apply_to_each')?['Name']","item/Email":"@items('Apply_to_each')?['Email']","item/Approval Stage":"@items('Apply_to_each')?['ApprovalStage']"},"authentication":{"value":"@json(decodeBase64(triggerOutputs().headers['X-MS-APIM-Tokens']))['$ConnectionKey']","type":"Raw"}}}},"runAfter":{"Apply_to_each_2":["Succeeded"]},"else":{"actions":{"Set_variable_2":{"runAfter":{},"metadata":{"operationMetadataId":"fd3039ba-2289-4c73-bca9-421246fdc3ea"},"type":"SetVariable","inputs":{"name":"boolMatch","value":"@false"}}}},"expression":{"equals":["@variables('boolMatch')","@false"]},"metadata":{"operationMetadataId":"a70292f1-d6d0-4bb8-8e44-33ff6132cb43"},"type":"If"},"List_rows_present_in_a_table":{"runAfter":{},"limit":{"timeout":"P1D"},"metadata":{"01UHIUK6MEO4Q67ZKKDFFYQG74WCVTSZ3R":"/1stTable.xlsx","operationMetadataId":"0219137c-7839-45c2-a779-0c5a5e2c6cb1","tableId":"{24431B8A-C9E3-426E-A915-9F8E5CF0F8B1}","01UHIUK6MI5IG6UNRUW5ALW3SQVUOC2ED7":"/2ndTable.xlsx","01UHIUK6OBU7WITH4AQBD2ZBPJTRECF4VW":"/output.xlsx"},"type":"OpenApiConnection","inputs":{"host":{"apiId":"/providers/Microsoft.PowerApps/apis/shared_excelonlinebusiness","connectionName":"shared_excelonlinebusiness","operationId":"GetItems"},"parameters":{"source":"me","drive":"b!fCaP_rsqtkurGAOdcK8_AjOrDjqpj71KtWi8Temgje6im3jrMtzsRYK1TfigreRK","file":"01UHIUK6OBU7WITH4AQBD2ZBPJTRECF4VW","table":"{24431B8A-C9E3-426E-A915-9F8E5CF0F8B1}"},"authentication":{"value":"@json(decodeBase64(triggerOutputs().headers['X-MS-APIM-Tokens']))['$ConnectionKey']","type":"Raw"}},"runtimeConfiguration":{"paginationPolicy":{"minimumItemCount":5000}}}},"runAfter":{"Get_items_2":["Succeeded"]},"metadata":{"operationMetadataId":"4676c9ec-f627-4011-aeb4-a356ad40a831"},"type":"Foreach","runtimeConfiguration":{"concurrency":{"repetitions":50}}}},"runAfter":{"Initialize_boolMatch_variable":["Succeeded"]},"metadata":{"operationMetadataId":"512d8cdc-a674-45f2-a716-4563992ca992"},"type":"Scope"},"Initialize_boolMatch_variable":{"runAfter":{},"metadata":{"operationMetadataId":"9171dc67-656b-4dd1-ab3b-fd97d20e352b"},"type":"InitializeVariable","inputs":{"variables":[{"name":"boolMatch","type":"boolean","value":"@false"}]}},"Success":{"actions":{"Send_an_email_(V2)":{"runAfter":{},"metadata":{"operationMetadataId":"f7aaa9db-667b-4942-90cc-fa185a30c3f9"},"type":"OpenApiConnection","inputs":{"host":{"apiId":"/providers/Microsoft.PowerApps/apis/shared_office365","connectionName":"shared_office365","operationId":"SendEmailV2"},"parameters":{"emailMessage/To":"gthoutu123@gthoutu123.onmicrosoft.com","emailMessage/Subject":"Flow is Successful","emailMessage/Body":"<p><strong>Hi,</strong><br>\n<br>\nFlow is Successful<br>\n<br>\n<br>\n<strong>Regards,<br>\nAdmin</strong></p>"},"authentication":{"value":"@json(decodeBase64(triggerOutputs().headers['X-MS-APIM-Tokens']))['$ConnectionKey']","type":"Raw"}}}},"runAfter":{"Try":["Succeeded"]},"metadata":{"operationMetadataId":"a9fc68c0-128c-4fe4-87b2-40093c3c01a4"},"type":"Scope"},"Failure":{"actions":{"Send_an_email_(V2)_2":{"runAfter":{},"metadata":{"operationMetadataId":"0611da88-b706-43fd-b332-0317fe4932a4"},"type":"OpenApiConnection","inputs":{"host":{"apiId":"/providers/Microsoft.PowerApps/apis/shared_office365","connectionName":"shared_office365","operationId":"SendEmailV2"},"parameters":{"emailMessage/To":"gthoutu123@gthoutu123.onmicrosoft.com","emailMessage/Subject":"Flow is Successful","emailMessage/Body":"<p><strong>Hi,</strong><br>\n<br>\nFlow is Falied.<br>\n<br>\nPlease find the link below to check the error.<br>\n<br>\nLink : @{concat(\r\n    'https://emea.flow.microsoft.com/manage/environments/',\r\n    workflow()['tags']['environmentName'],\r\n    '/flows/',\r\n    workflow()['name'],\r\n    '/runs/',\r\n    workflow()['run']['name']\r\n)}<br>\n<br>\n<strong>Regards,<br>\nAdmin</strong></p>"},"authentication":{"value":"@json(decodeBase64(triggerOutputs().headers['X-MS-APIM-Tokens']))['$ConnectionKey']","type":"Raw"}}}},"runAfter":{"Try":["Failed","Skipped","TimedOut"]},"metadata":{"operationMetadataId":"f41146d9-22a6-4902-8609-cdea103c3ad7"},"type":"Scope"}},"outputs":{}},"connectionReferences":{"shared_sharepointonline":{"connectionName":"34de590b4ff446e786aa3bfac5edf5f9","source":"Invoker","id":"/providers/Microsoft.PowerApps/apis/shared_sharepointonline","tier":"NotSpecified"},"shared_excelonlinebusiness":{"connectionName":"shared-excelonlinebu-27f9e936-cc75-457e-b8ae-1b54-146c4520","source":"Invoker","id":"/providers/Microsoft.PowerApps/apis/shared_excelonlinebusiness","tier":"NotSpecified"},"shared_office365":{"connectionName":"shared-office365-81d783f7-59ad-4339-a542-97fd-2fb96353","source":"Invoker","id":"/providers/Microsoft.PowerApps/apis/shared_office365","tier":"NotSpecified"}},"flowFailureAlertSubscribed":false}}