{"name":"5606929a-dbe9-4473-b8d3-00df2902e80d","id":"/providers/Microsoft.Flow/flows/5606929a-dbe9-4473-b8d3-00df2902e80d","type":"Microsoft.Flow/flows","properties":{"apiId":"/providers/Microsoft.PowerApps/apis/shared_logicflows","displayName":"Folder color change","definition":{"metadata":{"workflowEntityId":null,"processAdvisorMetadata":null,"flowChargedByPaygo":null,"flowclientsuspensionreason":"None","flowclientsuspensiontime":null,"flowclientsuspensionreasondetails":null,"creator":{"id":"2bacd345-c9f6-4e92-b8a1-e786f0e778aa","type":"User","tenantId":"6d42f857-323b-499f-b352-d1fa626babf4"},"provisioningMethod":"FromDefinition","failureAlertSubscription":true,"clientLastModifiedTime":"2025-05-10T17:23:02.8560063Z","connectionKeySavedTimeKey":"2025-05-10T17:23:02.8560063Z","creationSource":null},"$schema":"https://schema.management.azure.com/providers/Microsoft.Logic/schemas/2016-06-01/workflowdefinition.json#","contentVersion":"1.0.0.0","parameters":{"$connections":{"defaultValue":{},"type":"Object"},"$authentication":{"defaultValue":{},"type":"SecureObject"}},"triggers":{"manual":{"metadata":{"operationMetadataId":"ee6a392b-c207-4b31-88a5-8912166eb799"},"type":"Request","kind":"Button","inputs":{"schema":{"type":"object","properties":{},"required":[]}}}},"actions":{"Get_files_(properties_only)":{"runAfter":{"RootFolder":["Succeeded"]},"metadata":{"operationMetadataId":"8122e15c-75f5-491a-8326-57b1c5405920"},"type":"OpenApiConnection","inputs":{"host":{"apiId":"/providers/Microsoft.PowerApps/apis/shared_sharepointonline","connectionName":"shared_sharepointonline","operationId":"GetFileItems"},"parameters":{"dataset":"@outputs('SiteURL')","table":"@outputs('DocumentLibrary')","folderPath":"/@{outputs('DocumentLibrary')}/@{outputs('RootFolder')}","viewScopeOption":"Default"},"authentication":{"value":"@json(decodeBase64(triggerOutputs().headers['X-MS-APIM-Tokens']))['$ConnectionKey']","type":"Raw"}}},"Apply_to_each":{"foreach":"@outputs('Get_files_(properties_only)')?['body/value']","actions":{"Send_an_HTTP_request_to_SharePoint":{"runAfter":{},"metadata":{"operationMetadataId":"8c5646e7-378f-4254-9fe5-2e460afdbbb0"},"type":"OpenApiConnection","inputs":{"host":{"apiId":"/providers/Microsoft.PowerApps/apis/shared_sharepointonline","connectionName":"shared_sharepointonline","operationId":"HttpRequest"},"parameters":{"dataset":"@outputs('SiteURL')","parameters/method":"POST","parameters/uri":"_api/foldercoloring/stampcolor(DecodedUrl='/sites/@{outputs('SiteName')}/@{outputs('DocumentLibrary')}/@{outputs('RootFolder')}/@{items('Apply_to_each')?['{Name}']}')","parameters/body":"{\n\"coloringInformation\": {\n\"ColorHex\": \"3\"\n}\n}\n\n"},"authentication":{"value":"@json(decodeBase64(triggerOutputs().headers['X-MS-APIM-Tokens']))['$ConnectionKey']","type":"Raw"}}}},"runAfter":{"Get_files_(properties_only)":["Succeeded"]},"metadata":{"operationMetadataId":"4bec1b12-27ee-49c4-8d92-e78e2f15a4f6"},"type":"Foreach"},"SiteURL":{"runAfter":{},"metadata":{"operationMetadataId":"8b0725c4-3161-43ae-80c7-22a6d446882a"},"type":"Compose","inputs":" https://xdzvk.sharepoint.com/sites/eCommerce"},"DocumentLibrary":{"runAfter":{"SiteName":["Succeeded"]},"metadata":{"operationMetadataId":"d2a5b3b5-d347-4a49-90af-62243aef894d"},"type":"Compose","inputs":"WarrenTest"},"SiteName":{"runAfter":{"SiteURL":["Succeeded"]},"metadata":{"operationMetadataId":"7f660e76-904e-48cd-b167-7fcb3188ba14"},"type":"Compose","inputs":"eCommerce"},"RootFolder":{"runAfter":{"DocumentLibrary":["Succeeded"]},"metadata":{"operationMetadataId":"0de6a9b9-b82e-4224-9f1d-a245f1350b72"},"type":"Compose","inputs":"Test"}},"outputs":{}},"connectionReferences":{"shared_sharepointonline":{"connectionName":"3e79d83706534f7fa545a7d176aefb08","source":"Invoker","id":"/providers/Microsoft.PowerApps/apis/shared_sharepointonline","tier":"NotSpecified","apiName":"sharepointonline"}},"flowFailureAlertSubscribed":false,"isManaged":false}}