{"name":"f54a1222-ee07-4e4a-a919-242e0329dc37","id":"/providers/Microsoft.Flow/flows/f54a1222-ee07-4e4a-a919-242e0329dc37","type":"Microsoft.Flow/flows","properties":{"apiId":"/providers/Microsoft.PowerApps/apis/shared_logicflows","displayName":"PettyCashRequest","definition":{"metadata":{"workflowEntityId":null,"processAdvisorMetadata":null,"flowChargedByPaygo":null,"flowclientsuspensionreason":"None","flowclientsuspensiontime":null,"flowclientsuspensionreasondetails":null,"creator":{"id":"3fd2552e-60ee-4840-850c-8b6db3ddea7e","type":"User","tenantId":"8a0b9c95-14c4-4294-b354-f4cca2bb1912"},"provisioningMethod":"FromDefinition","failureAlertSubscription":true,"clientLastModifiedTime":"2025-06-19T10:12:45.2001684Z","connectionKeySavedTimeKey":"2025-06-19T10:12:45.2001684Z","creationSource":"Portal","modifiedSources":"Portal"},"$schema":"https://schema.management.azure.com/providers/Microsoft.Logic/schemas/2016-06-01/workflowdefinition.json#","contentVersion":"1.0.0.0","parameters":{"$connections":{"defaultValue":{},"type":"Object"},"$authentication":{"defaultValue":{},"type":"SecureObject"}},"triggers":{"When_an_item_is_created":{"recurrence":{"frequency":"Minute","interval":1},"splitOn":"@triggerOutputs()?['body/value']","metadata":{"operationMetadataId":"d8814c18-fc06-403b-a722-5bf81e62fe72"},"type":"OpenApiConnection","inputs":{"host":{"apiId":"/providers/Microsoft.PowerApps/apis/shared_sharepointonline","connectionName":"shared_sharepointonline","operationId":"GetOnNewItems"},"parameters":{"dataset":"https://ibrahimalialrashoodi.sharepoint.com/sites/AFIPettyCash","table":"49c6f970-31c9-4536-8908-6d9376b92402"},"authentication":"@parameters('$authentication')"}}},"actions":{"Get_items":{"runAfter":{"RequestedBUDept":["Succeeded"]},"metadata":{"operationMetadataId":"0b2bcacc-b845-4dee-b678-5b1bc69c05bd"},"type":"OpenApiConnection","inputs":{"host":{"apiId":"/providers/Microsoft.PowerApps/apis/shared_sharepointonline","connectionName":"shared_sharepointonline_1","operationId":"GetItems"},"parameters":{"dataset":"https://ibrahimalialrashoodi.sharepoint.com/sites/AFIPettyCash","table":"a50ca0ea-ff83-4236-bb4a-fefc1208dc9f","$filter":"BU_x002f_Department eq '@{outputs('RequestedBUDept')}'"},"authentication":"@parameters('$authentication')"}},"Apply_to_each":{"foreach":"@body('Get_attachments')","actions":{"Get_attachment_content":{"runAfter":{},"metadata":{"operationMetadataId":"0d675ba4-7cd9-485b-96f1-4825ca465602"},"type":"OpenApiConnection","inputs":{"host":{"apiId":"/providers/Microsoft.PowerApps/apis/shared_sharepointonline","connectionName":"shared_sharepointonline_1","operationId":"GetAttachmentContent"},"parameters":{"dataset":"https://ibrahimalialrashoodi.sharepoint.com/sites/AFIPettyCash","table":"49c6f970-31c9-4536-8908-6d9376b92402","itemId":"@outputs('Get_item')?['body/ID']","attachmentId":"@item()?['Id']"},"authentication":"@parameters('$authentication')"}},"Append_to_array_variable":{"runAfter":{"Get_attachment_content":["Succeeded"]},"metadata":{"operationMetadataId":"6a072647-73e4-4a49-9a3c-dec2cb8ab56f"},"type":"AppendToArrayVariable","inputs":{"name":"attachmentsarray","value":{"Name":"@items('Apply_to_each')?['DisplayName']","Content":"@body('Get_attachment_content')"}}}},"runAfter":{"Get_attachments":["Succeeded"]},"metadata":{"operationMetadataId":"ce227048-dc08-4179-adb1-c4955e71d090"},"type":"Foreach"},"RequestedBUDept":{"runAfter":{"Apply_to_each":["Succeeded"]},"metadata":{"operationMetadataId":"338a83e0-0424-473d-8783-2b3c7ca26456"},"type":"Compose","inputs":"@outputs('Get_item')?['body/Department_x0020__x002f__x0020_B/Value']"},"Get_attachments":{"runAfter":{"Initialize_variable":["Succeeded"]},"metadata":{"operationMetadataId":"76be11c8-a541-4a89-bda4-e27df36b4ed5"},"type":"OpenApiConnection","inputs":{"host":{"apiId":"/providers/Microsoft.PowerApps/apis/shared_sharepointonline","connectionName":"shared_sharepointonline_1","operationId":"GetItemAttachments"},"parameters":{"dataset":"https://ibrahimalialrashoodi.sharepoint.com/sites/AFIPettyCash","table":"49c6f970-31c9-4536-8908-6d9376b92402","itemId":"@outputs('Get_item')?['body/ID']"},"authentication":"@parameters('$authentication')"}},"Terminate":{"runAfter":{"Apply_to_each_3":["Succeeded"]},"metadata":{"operationMetadataId":"532efd69-f911-4e64-b2bf-015cbab0b3ff"},"type":"Terminate","inputs":{"runStatus":"Succeeded"}},"Initialize_variable":{"runAfter":{"Get_item":["Succeeded"]},"metadata":{"operationMetadataId":"252d17a4-ad40-46b7-8690-723a4e85b540"},"type":"InitializeVariable","inputs":{"variables":[{"name":"attachmentsarray","type":"array"}]}},"Get_item":{"runAfter":{},"metadata":{"operationMetadataId":"66b5b6e1-5386-4c23-9ec4-577be73fdc45"},"type":"OpenApiConnection","inputs":{"host":{"apiId":"/providers/Microsoft.PowerApps/apis/shared_sharepointonline","connectionName":"shared_sharepointonline","operationId":"GetItem"},"parameters":{"dataset":"https://ibrahimalialrashoodi.sharepoint.com/sites/AFIPettyCash","table":"49c6f970-31c9-4536-8908-6d9376b92402","id":"@triggerOutputs()?['body/ID']"},"authentication":"@parameters('$authentication')"}},"Update_item":{"runAfter":{"Get_items":["Succeeded"]},"metadata":{"operationMetadataId":"234edd1e-8daf-49c9-aa7d-efcec0f3ba3b"},"type":"OpenApiConnection","inputs":{"host":{"apiId":"/providers/Microsoft.PowerApps/apis/shared_sharepointonline","connectionName":"shared_sharepointonline","operationId":"PatchItem"},"parameters":{"dataset":"https://ibrahimalialrashoodi.sharepoint.com/sites/AFIPettyCash","table":"49c6f970-31c9-4536-8908-6d9376b92402","id":"@outputs('Get_item')?['body/ID']","item/Amount":"@outputs('Get_item')?['body/Amount']","item/Currency":"SAR","item/Current_Status/Value":"Pending with BU/Manager","item/BU_x002f_DeptManagerStatus/Value":"Pending","item/FinalStatus/Value":"Pending"},"authentication":"@parameters('$authentication')"}},"Apply_to_each_3":{"foreach":"@outputs('Get_items')?['body/value']","actions":{"Start_and_wait_for_an_approval":{"runAfter":{},"metadata":{"operationMetadataId":"426fbc8b-fa01-4f0f-9084-6ada3f31f0f8"},"type":"OpenApiConnectionWebhook","inputs":{"host":{"apiId":"/providers/Microsoft.PowerApps/apis/shared_approvals","connectionName":"shared_approvals","operationId":"StartAndWaitForAnApproval"},"parameters":{"approvalType":"Basic","WebhookApprovalCreationInput/title":"Petty Cash Request – Manager Approval Required","WebhookApprovalCreationInput/assignedTo":"@{items('Apply_to_each_3')?['ManagerEmail1/Email']};","WebhookApprovalCreationInput/details":"Greetings,\n\n Petty Cash Request for your Approval\n  Reference No : @{triggerOutputs()?['body/ID']}\n  BU/Department : @{outputs('Get_item')?['body/Department_x0020__x002f__x0020_B/Value']}\n  Amount :   @{outputs('Get_item')?['body/Currency']} @{triggerOutputs()?['body/Amount']}\n  Purpose : @{triggerOutputs()?['body/Purpose']}\n\nNote : Digital signature is not required for attached document. Approve or Reject Button will be recorded as a proof of approval.\n\nRegards\nAFI Finance Department.\n","WebhookApprovalCreationInput/requestor":"@{outputs('Update_item')?['body/Author/Email']};","WebhookApprovalCreationInput/enableNotifications":true,"WebhookApprovalCreationInput/enableReassignment":true,"WebhookApprovalCreationInput/attachments":"@variables('attachmentsarray')"},"authentication":"@parameters('$authentication')"}},"Condition":{"actions":{"Update_item_2":{"runAfter":{},"metadata":{"operationMetadataId":"234edd1e-8daf-49c9-aa7d-efcec0f3ba3b"},"type":"OpenApiConnection","inputs":{"host":{"apiId":"/providers/Microsoft.PowerApps/apis/shared_sharepointonline","connectionName":"shared_sharepointonline","operationId":"PatchItem"},"parameters":{"dataset":"https://ibrahimalialrashoodi.sharepoint.com/sites/AFIPettyCash","table":"49c6f970-31c9-4536-8908-6d9376b92402","id":"@outputs('Get_item')?['body/ID']","item/Amount":"@outputs('Get_item')?['body/Amount']","item/Currency":"SAR","item/Current_Status/Value":"Pending with Accounts Payable","item/BU_x002f_DeptManagerStatus/Value":"Approved","item/AccPayableStatus/Value":"Pending","item/FinalStatus/Value":"Pending"},"authentication":"@parameters('$authentication')"}},"Start_and_wait_for_an_approval_4":{"runAfter":{"Update_item_2":["Succeeded"]},"metadata":{"operationMetadataId":"426fbc8b-fa01-4f0f-9084-6ada3f31f0f8"},"type":"OpenApiConnectionWebhook","inputs":{"host":{"apiId":"/providers/Microsoft.PowerApps/apis/shared_approvals","connectionName":"shared_approvals","operationId":"StartAndWaitForAnApproval"},"parameters":{"approvalType":"Basic","WebhookApprovalCreationInput/title":"Petty Cash Request – Senior Manager Approval Required","WebhookApprovalCreationInput/assignedTo":"@{items('Apply_to_each_3')?['GeneralManager/Email']};","WebhookApprovalCreationInput/details":"Greetings,\n\n Petty Cash Request for your Approval\n  Reference No : @{triggerOutputs()?['body/ID']}\n  BU/Department : @{outputs('Get_item')?['body/Department_x0020__x002f__x0020_B/Value']}\n  Amount :   @{outputs('Get_item')?['body/Currency']} @{triggerOutputs()?['body/Amount']}\n  Purpose : @{triggerOutputs()?['body/Purpose']}\n\nNote : Digital signature is not required for attached document. Approve or Reject Button will be recorded as a proof of approval.\n\nRegards\nAFI Finance Department.\n","WebhookApprovalCreationInput/requestor":"@{outputs('Update_item')?['body/Author/Email']};","WebhookApprovalCreationInput/enableNotifications":true,"WebhookApprovalCreationInput/enableReassignment":true,"WebhookApprovalCreationInput/attachments":"@variables('attachmentsarray')"},"authentication":"@parameters('$authentication')"}},"Condition_4":{"actions":{"Update_item_8":{"runAfter":{},"metadata":{"operationMetadataId":"234edd1e-8daf-49c9-aa7d-efcec0f3ba3b"},"type":"OpenApiConnection","inputs":{"host":{"apiId":"/providers/Microsoft.PowerApps/apis/shared_sharepointonline","connectionName":"shared_sharepointonline","operationId":"PatchItem"},"parameters":{"dataset":"https://ibrahimalialrashoodi.sharepoint.com/sites/AFIPettyCash","table":"49c6f970-31c9-4536-8908-6d9376b92402","id":"@outputs('Get_item')?['body/ID']","item/Amount":"@outputs('Get_item')?['body/Amount']","item/Currency":"SAR","item/Current_Status/Value":"Pending with Accounts Payable","item/BU_x002f_DeptManagerStatus/Value":"Approved","item/AccPayableStatus/Value":"Pending","item/FinalStatus/Value":"Pending"},"authentication":"@parameters('$authentication')"}},"Apply_to_each_2":{"foreach":"@outputs('Get_items')?['body/value']","actions":{"Start_and_wait_for_an_approval_2":{"runAfter":{},"metadata":{"operationMetadataId":"426fbc8b-fa01-4f0f-9084-6ada3f31f0f8"},"type":"OpenApiConnectionWebhook","inputs":{"host":{"apiId":"/providers/Microsoft.PowerApps/apis/shared_approvals","connectionName":"shared_approvals","operationId":"StartAndWaitForAnApproval"},"parameters":{"approvalType":"Basic","WebhookApprovalCreationInput/title":"Petty Cash Request – Accounts Payable Approval Required","WebhookApprovalCreationInput/assignedTo":"@{items('Apply_to_each_2')?['APEmail1/Email']};","WebhookApprovalCreationInput/details":"Greetings,\n\n Petty Cash Request for your Approval\n ID : @{triggerOutputs()?['body/ID']}\n  BU/Department : @{outputs('Get_item')?['body/Department_x0020__x002f__x0020_B/Value']}\n  Amount :   @{outputs('Get_item')?['body/Currency']} @{triggerOutputs()?['body/Amount']}\n  Purpose : @{triggerOutputs()?['body/Purpose']}\n\nNote : Digital signature is not required for attached document. Approve or Reject Button will be recorded as a proof of approval.\n\nRegards\nAFI Finance Department.\n","WebhookApprovalCreationInput/requestor":"@{outputs('Update_item')?['body/Author/Email']};","WebhookApprovalCreationInput/enableNotifications":true,"WebhookApprovalCreationInput/enableReassignment":true,"WebhookApprovalCreationInput/attachments":"@variables('attachmentsarray')"},"authentication":"@parameters('$authentication')"}},"Condition_2":{"actions":{"Update_item_4":{"runAfter":{},"metadata":{"operationMetadataId":"234edd1e-8daf-49c9-aa7d-efcec0f3ba3b"},"type":"OpenApiConnection","inputs":{"host":{"apiId":"/providers/Microsoft.PowerApps/apis/shared_sharepointonline","connectionName":"shared_sharepointonline","operationId":"PatchItem"},"parameters":{"dataset":"https://ibrahimalialrashoodi.sharepoint.com/sites/AFIPettyCash","table":"49c6f970-31c9-4536-8908-6d9376b92402","id":"@outputs('Get_item')?['body/ID']","item/Amount":"@outputs('Get_item')?['body/Amount']","item/Currency":"SAR","item/Current_Status/Value":"Pending with Internal Auditor","item/BU_x002f_DeptManagerStatus/Value":"Approved","item/AccPayableStatus/Value":"Approved","item/InternalAudit/Value":"Pending","item/FinalStatus/Value":"Pending"},"authentication":"@parameters('$authentication')"}},"Apply_to_each_4":{"foreach":"@outputs('Get_items')?['body/value']","actions":{"Start_and_wait_for_an_approval_3":{"runAfter":{},"metadata":{"operationMetadataId":"426fbc8b-fa01-4f0f-9084-6ada3f31f0f8"},"type":"OpenApiConnectionWebhook","inputs":{"host":{"apiId":"/providers/Microsoft.PowerApps/apis/shared_approvals","connectionName":"shared_approvals","operationId":"StartAndWaitForAnApproval"},"parameters":{"approvalType":"Basic","WebhookApprovalCreationInput/title":"Petty Cash Request – Internal Auditor Approval Required","WebhookApprovalCreationInput/assignedTo":"@{items('Apply_to_each_4')?['AuditEmail1/Email']};","WebhookApprovalCreationInput/details":"Greetings,\n\n Petty Cash Request for your Approval\n ID : @{triggerOutputs()?['body/ID']}\n  BU/Department : @{outputs('Get_item')?['body/Department_x0020__x002f__x0020_B/Value']}\n  Amount :   @{outputs('Get_item')?['body/Currency']} @{triggerOutputs()?['body/Amount']}\n  Purpose : @{triggerOutputs()?['body/Purpose']}\n\nNote : Digital signature is not required for attached document. Approve or Reject Button will be recorded as a proof of approval.\n\nRegards\nAFI Finance Department.\n","WebhookApprovalCreationInput/requestor":"@{outputs('Update_item')?['body/Author/Email']};","WebhookApprovalCreationInput/enableNotifications":true,"WebhookApprovalCreationInput/enableReassignment":true,"WebhookApprovalCreationInput/attachments":"@variables('attachmentsarray')"},"authentication":"@parameters('$authentication')"}},"Condition_3":{"actions":{"Update_item_6":{"runAfter":{},"metadata":{"operationMetadataId":"234edd1e-8daf-49c9-aa7d-efcec0f3ba3b"},"type":"OpenApiConnection","inputs":{"host":{"apiId":"/providers/Microsoft.PowerApps/apis/shared_sharepointonline","connectionName":"shared_sharepointonline","operationId":"PatchItem"},"parameters":{"dataset":"https://ibrahimalialrashoodi.sharepoint.com/sites/AFIPettyCash","table":"49c6f970-31c9-4536-8908-6d9376b92402","id":"@outputs('Get_item')?['body/ID']","item/Amount":"@outputs('Get_item')?['body/Amount']","item/Currency":"SAR","item/Current_Status/Value":"Completed","item/BU_x002f_DeptManagerStatus/Value":"Approved","item/AccPayableStatus/Value":"Approved","item/InternalAudit/Value":"Approved","item/FinalStatus/Value":"Pending"},"authentication":"@parameters('$authentication')"}}},"runAfter":{"Start_and_wait_for_an_approval_3":["Succeeded"]},"else":{"actions":{"Update_item_7":{"runAfter":{},"metadata":{"operationMetadataId":"234edd1e-8daf-49c9-aa7d-efcec0f3ba3b"},"type":"OpenApiConnection","inputs":{"host":{"apiId":"/providers/Microsoft.PowerApps/apis/shared_sharepointonline","connectionName":"shared_sharepointonline","operationId":"PatchItem"},"parameters":{"dataset":"https://ibrahimalialrashoodi.sharepoint.com/sites/AFIPettyCash","table":"49c6f970-31c9-4536-8908-6d9376b92402","id":"@outputs('Get_item')?['body/ID']","item/Amount":"@outputs('Get_item')?['body/Amount']","item/Currency":"SAR","item/Current_Status/Value":"Rejected","item/InternalAudit/Value":"Rejected"},"authentication":"@parameters('$authentication')"}}}},"expression":{"equals":["@outputs('Start_and_wait_for_an_approval_3')?['body/outcome']","Approve"]},"metadata":{"operationMetadataId":"7b911708-388b-4286-a2d9-f7f0b9be79c6"},"type":"If"}},"runAfter":{"Update_item_4":["Succeeded"]},"metadata":{"operationMetadataId":"5191375c-956b-473e-a35d-e597cf18c92d"},"type":"Foreach"}},"runAfter":{"Start_and_wait_for_an_approval_2":["Succeeded"]},"else":{"actions":{"Update_item_5":{"runAfter":{},"metadata":{"operationMetadataId":"234edd1e-8daf-49c9-aa7d-efcec0f3ba3b"},"type":"OpenApiConnection","inputs":{"host":{"apiId":"/providers/Microsoft.PowerApps/apis/shared_sharepointonline","connectionName":"shared_sharepointonline","operationId":"PatchItem"},"parameters":{"dataset":"https://ibrahimalialrashoodi.sharepoint.com/sites/AFIPettyCash","table":"49c6f970-31c9-4536-8908-6d9376b92402","id":"@outputs('Get_item')?['body/ID']","item/Amount":"@outputs('Get_item')?['body/Amount']","item/Currency":"SAR","item/Current_Status/Value":"Rejected","item/AccPayableStatus/Value":"Rejected"},"authentication":"@parameters('$authentication')"}}}},"expression":{"equals":["@outputs('Start_and_wait_for_an_approval_2')?['body/outcome']","Approve"]},"metadata":{"operationMetadataId":"7b911708-388b-4286-a2d9-f7f0b9be79c6"},"type":"If"}},"runAfter":{"Update_item_8":["Succeeded"]},"metadata":{"operationMetadataId":"5191375c-956b-473e-a35d-e597cf18c92d"},"type":"Foreach"}},"runAfter":{"Start_and_wait_for_an_approval_4":["Succeeded"]},"else":{"actions":{"Update_item_9":{"runAfter":{},"metadata":{"operationMetadataId":"234edd1e-8daf-49c9-aa7d-efcec0f3ba3b"},"type":"OpenApiConnection","inputs":{"host":{"apiId":"/providers/Microsoft.PowerApps/apis/shared_sharepointonline","connectionName":"shared_sharepointonline","operationId":"PatchItem"},"parameters":{"dataset":"https://ibrahimalialrashoodi.sharepoint.com/sites/AFIPettyCash","table":"49c6f970-31c9-4536-8908-6d9376b92402","id":"@outputs('Get_item')?['body/ID']","item/Amount":"@outputs('Get_item')?['body/Amount']","item/Currency":"SAR","item/Current_Status/Value":"Rejected","item/BU_x002f_DeptManagerStatus/Value":"Rejected"},"authentication":"@parameters('$authentication')"}}}},"expression":{"equals":["@outputs('Start_and_wait_for_an_approval_4')?['body/outcome']","Approve"]},"metadata":{"operationMetadataId":"3c952bd0-e59a-4990-b25e-b13b1d90a690"},"type":"If"}},"runAfter":{"Start_and_wait_for_an_approval":["Succeeded"]},"else":{"actions":{"Update_item_3":{"runAfter":{},"metadata":{"operationMetadataId":"234edd1e-8daf-49c9-aa7d-efcec0f3ba3b"},"type":"OpenApiConnection","inputs":{"host":{"apiId":"/providers/Microsoft.PowerApps/apis/shared_sharepointonline","connectionName":"shared_sharepointonline","operationId":"PatchItem"},"parameters":{"dataset":"https://ibrahimalialrashoodi.sharepoint.com/sites/AFIPettyCash","table":"49c6f970-31c9-4536-8908-6d9376b92402","id":"@outputs('Get_item')?['body/ID']","item/Amount":"@outputs('Get_item')?['body/Amount']","item/Currency":"SAR","item/Current_Status/Value":"Rejected","item/BU_x002f_DeptManagerStatus/Value":"Rejected"},"authentication":"@parameters('$authentication')"}}}},"expression":{"equals":["@outputs('Start_and_wait_for_an_approval')?['body/outcome']","Approve"]},"metadata":{"operationMetadataId":"7b911708-388b-4286-a2d9-f7f0b9be79c6"},"type":"If"}},"runAfter":{"Update_item":["Succeeded"]},"metadata":{"operationMetadataId":"5191375c-956b-473e-a35d-e597cf18c92d"},"type":"Foreach"}},"outputs":{}},"connectionReferences":{"shared_sharepointonline_1":{"connectionName":"11cd190eecd04bdc8ae138a3c48c45d5","source":"Embedded","id":"/providers/Microsoft.PowerApps/apis/shared_sharepointonline","tier":"NotSpecified","apiName":"sharepointonline","isProcessSimpleApiReferenceConversionAlreadyDone":false},"shared_sharepointonline":{"connectionName":"b96cdb37ab2c46329dbafd8f1285ef73","source":"Embedded","id":"/providers/Microsoft.PowerApps/apis/shared_sharepointonline","tier":"NotSpecified","apiName":"sharepointonline","isProcessSimpleApiReferenceConversionAlreadyDone":false},"shared_approvals":{"connectionName":"shared-approvals-1ebf96b9-f759-4af3-b45c-87ef03bdcc60","source":"Embedded","id":"/providers/Microsoft.PowerApps/apis/shared_approvals","tier":"NotSpecified","apiName":"approvals","isProcessSimpleApiReferenceConversionAlreadyDone":false}},"flowFailureAlertSubscribed":false,"isManaged":false}}