{"name":"301742d0-640a-407e-921f-58393431fb87","id":"/providers/Microsoft.Flow/flows/301742d0-640a-407e-921f-58393431fb87","type":"Microsoft.Flow/flows","properties":{"apiId":"/providers/Microsoft.PowerApps/apis/shared_logicflows","displayName":"FolderTestPerm","definition":{"metadata":{"workflowEntityId":null,"processAdvisorMetadata":null,"flowChargedByPaygo":null,"flowclientsuspensionreason":"None","flowclientsuspensiontime":null,"flowclientsuspensionreasondetails":null,"creator":{"id":"2bacd345-c9f6-4e92-b8a1-e786f0e778aa","type":"User","tenantId":"6d42f857-323b-499f-b352-d1fa626babf4"},"provisioningMethod":"FromDefinition","failureAlertSubscription":true,"clientLastModifiedTime":"2025-06-28T05:53:17.4409606Z","connectionKeySavedTimeKey":"2025-06-28T05:53:17.4409606Z","creationSource":null},"$schema":"https://schema.management.azure.com/providers/Microsoft.Logic/schemas/2016-06-01/workflowdefinition.json#","contentVersion":"1.0.0.0","parameters":{"$connections":{"defaultValue":{},"type":"Object"},"$authentication":{"defaultValue":{},"type":"SecureObject"}},"triggers":{"When_a_file_is_created_(properties_only)":{"recurrence":{"frequency":"Minute","interval":5},"splitOn":"@triggerOutputs()?['body/value']","metadata":{"operationMetadataId":"659d1f6c-c175-4c20-9beb-f1d9be506da9"},"type":"OpenApiConnection","inputs":{"host":{"apiId":"/providers/Microsoft.PowerApps/apis/shared_sharepointonline","connectionName":"shared_sharepointonline","operationId":"GetOnNewFileItems"},"parameters":{"dataset":"https://xdzvk.sharepoint.com/sites/eCommerce","table":"aa1d1b01-4215-4ba2-9a59-f85fb5a9b435"},"authentication":"@parameters('$authentication')"}}},"actions":{"expression_to_check_whether_file_is_uploading_in_2nd_nested_folder":{"runAfter":{"Site_URL":["Succeeded"]},"metadata":{"operationMetadataId":"fb3edbcc-04b2-4786-9c41-c1866dbb8377"},"type":"Compose","inputs":"@split(triggerOutputs()?['body/{Path}'],'/')[2]"},"Condition":{"actions":{"Send_an_HTTP_request_to_SharePoint":{"runAfter":{},"metadata":{"operationMetadataId":"c0e1c626-14ba-453f-9b96-f81a560d7e43"},"type":"OpenApiConnection","inputs":{"host":{"apiId":"/providers/Microsoft.PowerApps/apis/shared_sharepointonline","connectionName":"shared_sharepointonline","operationId":"HttpRequest"},"parameters":{"dataset":"@outputs('Site_URL')","parameters/method":"GET","parameters/uri":"_api/web/GetFolderByServerRelativeUrl('@{triggerOutputs()?['body/{Path}']}')/ListItemAllFields/RoleAssignments?$expand=Member,RoleDefinitionBindings"},"authentication":"@parameters('$authentication')"}},"Parse_JSON":{"runAfter":{"Send_an_HTTP_request_to_SharePoint":["Succeeded"]},"metadata":{"operationMetadataId":"4f1a3e44-f51f-4f9a-81a0-cd2d2bda4e4b"},"type":"ParseJson","inputs":{"content":"@body('Send_an_HTTP_request_to_SharePoint')","schema":{"type":"object","properties":{"d":{"type":"object","properties":{"results":{"type":"array","items":{"type":"object","properties":{"__metadata":{"type":"object","properties":{"id":{"type":"string"},"uri":{"type":"string"},"type":{"type":"string"}}},"Member":{"type":"object","properties":{"__metadata":{"type":"object","properties":{"id":{"type":"string"},"uri":{"type":"string"},"type":{"type":"string"}}},"Alerts":{"type":"object","properties":{"__deferred":{"type":"object","properties":{"uri":{"type":"string"}}}}},"Groups":{"type":"object","properties":{"__deferred":{"type":"object","properties":{"uri":{"type":"string"}}}}},"Id":{"type":"integer"},"IsHiddenInUI":{"type":"boolean"},"LoginName":{"type":"string"},"Title":{"type":"string"},"PrincipalType":{"type":"integer"},"Email":{"type":"string"},"Expiration":{"type":"string"},"IsEmailAuthenticationGuestUser":{"type":"boolean"},"IsShareByEmailGuestUser":{"type":"boolean"},"IsSiteAdmin":{"type":"boolean"},"UserId":{"type":"object","properties":{"__metadata":{"type":"object","properties":{"type":{"type":"string"}}},"NameId":{"type":"string"},"NameIdIssuer":{"type":"string"}}},"UserPrincipalName":{"type":"string"}}},"RoleDefinitionBindings":{"type":"object","properties":{"results":{"type":"array","items":{"type":"object","properties":{"__metadata":{"type":"object","properties":{"id":{"type":"string"},"uri":{"type":"string"},"type":{"type":"string"}}},"BasePermissions":{"type":"object","properties":{"__metadata":{"type":"object","properties":{"type":{"type":"string"}}},"High":{"type":"string"},"Low":{"type":"string"}}},"Description":{"type":"string"},"Hidden":{"type":"boolean"},"Id":{"type":"integer"},"Name":{"type":"string"},"Order":{"type":"integer"},"RoleTypeKind":{"type":"integer"}},"required":["__metadata","BasePermissions","Description","Hidden","Id","Name","Order","RoleTypeKind"]}}}},"PrincipalId":{"type":"integer"}},"required":["__metadata","Member","RoleDefinitionBindings","PrincipalId"]}}}}}}}},"Apply_to_each":{"foreach":"@body('Parse_JSON')?['d']?['results']","actions":{"Send_an_email_(V2)":{"runAfter":{},"metadata":{"operationMetadataId":"4e20ff20-ec23-461c-abf1-a504da459448"},"type":"OpenApiConnection","inputs":{"host":{"apiId":"/providers/Microsoft.PowerApps/apis/shared_office365","connectionName":"shared_office365","operationId":"SendEmailV2"},"parameters":{"emailMessage/To":"@items('Apply_to_each')?['Member']?['Email']","emailMessage/Subject":"New file uploaded to your folder","emailMessage/Body":"<p>Hi,<br>\n<br>\nPlease find the details below for the uploaded file.<br>\n<br>\nFile name : @{triggerOutputs()?['body/{Name}']}<br>\nCreated By : @{triggerOutputs()?['body/Author/DisplayName']}<br>\n<br>\n<strong>Regards,<br>\nAdmin</strong></p>","emailMessage/Importance":"Normal"},"authentication":"@parameters('$authentication')"}}},"runAfter":{"Parse_JSON":["Succeeded"]},"metadata":{"operationMetadataId":"b6c33eb1-e7b6-40b8-b366-8743a783e5e0"},"type":"Foreach"}},"runAfter":{"expression_to_check_whether_file_is_uploading_in_2nd_nested_folder":["Succeeded"]},"else":{"actions":{"Terminate":{"runAfter":{},"metadata":{"operationMetadataId":"41c4f6be-755a-48f5-a423-2d1a96f2d877"},"type":"Terminate","inputs":{"runStatus":"Succeeded"}}}},"expression":{"not":{"equals":["@outputs('expression_to_check_whether_file_is_uploading_in_2nd_nested_folder')",""]}},"metadata":{"operationMetadataId":"95ce73d0-5dfd-401f-ba72-6377af1c5a30"},"type":"If"},"Site_URL":{"runAfter":{},"metadata":{"operationMetadataId":"76f53fa2-ded3-4e4e-951f-47bbf562a0a5"},"type":"Compose","inputs":"https://xdzvk.sharepoint.com/sites/eCommerce"}},"outputs":{}},"connectionReferences":{"shared_sharepointonline":{"connectionName":"3e79d83706534f7fa545a7d176aefb08","source":"Embedded","id":"/providers/Microsoft.PowerApps/apis/shared_sharepointonline","tier":"NotSpecified","apiName":"sharepointonline","isProcessSimpleApiReferenceConversionAlreadyDone":false},"shared_office365":{"connectionName":"shared-office365-a9f06d7a-50c5-41f3-83cd-3eb21b1a03b7","source":"Embedded","id":"/providers/Microsoft.PowerApps/apis/shared_office365","tier":"NotSpecified","apiName":"office365","isProcessSimpleApiReferenceConversionAlreadyDone":false}},"flowFailureAlertSubscribed":false,"isManaged":false}}