{"name":"b491825a-90e8-48d4-81da-02b6a239995f","id":"/providers/Microsoft.Flow/flows/b491825a-90e8-48d4-81da-02b6a239995f","type":"Microsoft.Flow/flows","properties":{"apiId":"/providers/Microsoft.PowerApps/apis/shared_logicflows","displayName":"Planner Flow","definition":{"metadata":{"workflowEntityId":null,"processAdvisorMetadata":null,"flowChargedByPaygo":null,"flowclientsuspensionreason":"None","flowclientsuspensiontime":null,"flowclientsuspensionreasondetails":null,"creator":{"id":"2bacd345-c9f6-4e92-b8a1-e786f0e778aa","type":"User","tenantId":"6d42f857-323b-499f-b352-d1fa626babf4"},"provisioningMethod":"FromDefinition","failureAlertSubscription":true,"clientLastModifiedTime":"2025-06-21T16:43:00.8809319Z","connectionKeySavedTimeKey":"2025-06-21T16:43:00.8809319Z","creationSource":null},"$schema":"https://schema.management.azure.com/providers/Microsoft.Logic/schemas/2016-06-01/workflowdefinition.json#","contentVersion":"1.0.0.0","parameters":{"$connections":{"defaultValue":{},"type":"Object"},"$authentication":{"defaultValue":{},"type":"SecureObject"}},"triggers":{"When_a_new_task_is_created":{"recurrence":{"frequency":"Minute","interval":5},"splitOn":"@triggerOutputs()?['body/value']","metadata":{"operationMetadataId":"e7be6b7a-7e2b-4328-8931-9471eb53fbe4"},"type":"OpenApiConnection","inputs":{"host":{"apiId":"/providers/Microsoft.PowerApps/apis/shared_planner","connectionName":"shared_planner","operationId":"OnNewTask_V3"},"parameters":{"groupId":"d4b6be50-a6a8-472c-b6b4-71737ce5b11b","id":"s-zwKB68UUmoftEXhk7aPWUABAvF"},"authentication":"@parameters('$authentication')"}}},"actions":{"Task_Title":{"runAfter":{},"metadata":{"operationMetadataId":"be2d27a5-dc9f-4956-8305-847082cd7ad1"},"type":"Compose","inputs":"@triggerOutputs()?['body/title']"},"Apply_to_each":{"foreach":"@triggerOutputs()?['body/_assignments']","actions":{"Assigned_to_userId":{"runAfter":{},"metadata":{"operationMetadataId":"92a12b27-5139-4975-ad65-5715016e3ea1"},"type":"Compose","inputs":"@items('Apply_to_each')?['userId']"},"Get_user_profile_(V2)":{"runAfter":{"Assigned_to_userId":["Succeeded"]},"metadata":{"operationMetadataId":"9990e233-c5f2-425a-aa1c-16b846ab8142"},"type":"OpenApiConnection","inputs":{"host":{"apiId":"/providers/Microsoft.PowerApps/apis/shared_office365users","connectionName":"shared_office365users","operationId":"UserProfile_V2"},"parameters":{"id":"@outputs('Assigned_to_userId')","$select":"Mail"},"authentication":"@parameters('$authentication')"}},"Send_an_email_(V2)":{"runAfter":{"Get_user_profile_(V2)":["Succeeded"]},"metadata":{"operationMetadataId":"cb258d7e-8945-4fec-8b30-0226b0c473a0"},"type":"OpenApiConnection","inputs":{"host":{"apiId":"/providers/Microsoft.PowerApps/apis/shared_office365","connectionName":"shared_office365","operationId":"SendEmailV2"},"parameters":{"emailMessage/To":"@outputs('Get_user_profile_(V2)')?['body/mail']","emailMessage/Subject":"@outputs('Task_Title')","emailMessage/Body":"<p>Hi @{outputs('Get_user_profile_(V2)')?['body/givenName']},<br>\n<br>\nA New task is created in Planner with the name @{outputs('Task_Title')}.<br>\nPlease look into it.<br>\n<br>\n<strong>Regards,<br>\nAdmin</strong></p>","emailMessage/Importance":"Normal"},"authentication":"@parameters('$authentication')"}}},"runAfter":{"Task_Title":["Succeeded"]},"metadata":{"operationMetadataId":"aa4477fa-e2ce-40eb-93c6-de0baf5b4f18"},"type":"Foreach"}}},"connectionReferences":{"shared_office365users":{"connectionName":"208830e67a28478db0071654d3996f04","source":"Embedded","id":"/providers/Microsoft.PowerApps/apis/shared_office365users","tier":"NotSpecified","apiName":"office365users","isProcessSimpleApiReferenceConversionAlreadyDone":false},"shared_office365":{"connectionName":"shared-office365-a9f06d7a-50c5-41f3-83cd-3eb21b1a03b7","source":"Embedded","id":"/providers/Microsoft.PowerApps/apis/shared_office365","tier":"NotSpecified","apiName":"office365","isProcessSimpleApiReferenceConversionAlreadyDone":false},"shared_planner":{"connectionName":"744c405c08724ede9af41847ccacb226","source":"Embedded","id":"/providers/Microsoft.PowerApps/apis/shared_planner","tier":"NotSpecified","apiName":"planner","isProcessSimpleApiReferenceConversionAlreadyDone":false}},"flowFailureAlertSubscribed":false,"isManaged":false}}