{"name":"82ce6290-6be4-4c69-ac3b-e78960d5f1aa","id":"/providers/Microsoft.Flow/flows/82ce6290-6be4-4c69-ac3b-e78960d5f1aa","type":"Microsoft.Flow/flows","properties":{"apiId":"/providers/Microsoft.PowerApps/apis/shared_logicflows","displayName":"Attachments in email","definition":{"metadata":{"workflowEntityId":null,"processAdvisorMetadata":null,"flowChargedByPaygo":null,"flowclientsuspensionreason":"None","flowclientsuspensiontime":null,"flowclientsuspensionreasondetails":null,"creator":{"id":"2bacd345-c9f6-4e92-b8a1-e786f0e778aa","type":"User","tenantId":"6d42f857-323b-499f-b352-d1fa626babf4"},"provisioningMethod":"FromDefinition","failureAlertSubscription":true,"clientLastModifiedTime":"2025-06-18T05:25:38.3068272Z","connectionKeySavedTimeKey":"2025-06-18T05:25:38.3068272Z","creationSource":null},"$schema":"https://schema.management.azure.com/providers/Microsoft.Logic/schemas/2016-06-01/workflowdefinition.json#","contentVersion":"1.0.0.0","parameters":{"$connections":{"defaultValue":{},"type":"Object"},"$authentication":{"defaultValue":{},"type":"SecureObject"}},"triggers":{"When_an_item_is_created":{"recurrence":{"frequency":"Minute","interval":5},"splitOn":"@triggerOutputs()?['body/value']","metadata":{"operationMetadataId":"c920b80e-0a10-48c4-948d-26ff7852af79"},"type":"OpenApiConnection","inputs":{"host":{"apiId":"/providers/Microsoft.PowerApps/apis/shared_sharepointonline","connectionName":"shared_sharepointonline","operationId":"GetOnNewItems"},"parameters":{"dataset":"https://xdzvk.sharepoint.com/sites/ITQatar","table":"69649960-6266-4a52-bfed-60f16277f906"},"authentication":"@parameters('$authentication')"}}},"actions":{"Get_item":{"runAfter":{"SharePointList":["Succeeded"]},"metadata":{"operationMetadataId":"19c429ce-7f7d-4c9c-bbaf-fb77a3166c65"},"type":"OpenApiConnection","inputs":{"host":{"apiId":"/providers/Microsoft.PowerApps/apis/shared_sharepointonline","connectionName":"shared_sharepointonline","operationId":"GetItem"},"parameters":{"dataset":"@outputs('SiteURL')","table":"@outputs('SharePointList')","id":"@triggerOutputs()?['body/ID']"},"authentication":"@parameters('$authentication')"}},"Get_attachments":{"runAfter":{"Initialize_variable":["Succeeded"]},"metadata":{"operationMetadataId":"e508d50c-51ed-4bac-a529-6bfddc521cb4"},"type":"OpenApiConnection","inputs":{"host":{"apiId":"/providers/Microsoft.PowerApps/apis/shared_sharepointonline","connectionName":"shared_sharepointonline","operationId":"GetItemAttachments"},"parameters":{"dataset":"@outputs('SiteURL')","table":"@outputs('SharePointList')","itemId":"@outputs('Get_item')?['body/ID']"},"authentication":"@parameters('$authentication')"}},"Initialize_variable":{"runAfter":{"Get_item":["Succeeded"]},"metadata":{"operationMetadataId":"8bae8402-77c6-40c5-9c9c-2cb18119104a"},"type":"InitializeVariable","inputs":{"variables":[{"name":"varAttachmentarray","type":"array"}]}},"Apply_to_each":{"foreach":"@body('Get_attachments')","actions":{"Get_attachment_content":{"runAfter":{},"metadata":{"operationMetadataId":"14b889ea-156c-422d-9073-31f325c362cc"},"type":"OpenApiConnection","inputs":{"host":{"apiId":"/providers/Microsoft.PowerApps/apis/shared_sharepointonline","connectionName":"shared_sharepointonline","operationId":"GetAttachmentContent"},"parameters":{"dataset":"@outputs('SiteURL')","table":"@outputs('SharePointList')","itemId":"@outputs('Get_item')?['body/ID']","attachmentId":"@item()?['Id']"},"authentication":"@parameters('$authentication')"}},"Append_to_array_variable":{"runAfter":{"Get_attachment_content":["Succeeded"]},"metadata":{"operationMetadataId":"0357ca68-176b-44f3-8bf6-f49a9b379c71"},"type":"AppendToArrayVariable","inputs":{"name":"varAttachmentarray","value":{"Name":"@items('Apply_to_each')?['DisplayName']","ContentBytes":"@body('Get_attachment_content')"}}}},"runAfter":{"Get_attachments":["Succeeded"]},"metadata":{"operationMetadataId":"38aaf2db-b288-4c57-9a89-7da05913a419"},"type":"Foreach"},"Send_an_email_(V2)":{"runAfter":{"Htmltable":["Succeeded"]},"metadata":{"operationMetadataId":"daeb02fd-0a15-4acd-a116-6fe8276e0b0e"},"type":"OpenApiConnection","inputs":{"host":{"apiId":"/providers/Microsoft.PowerApps/apis/shared_office365","connectionName":"shared_office365","operationId":"SendEmailV2"},"parameters":{"emailMessage/To":"@triggerOutputs()?['body/Author/Email']","emailMessage/Subject":"PO Order- @{outputs('Get_item')?['body/ID']}","emailMessage/Body":"<p>Hi @{outputs('Get_item')?['body/Author/DisplayName']},<br>\n<br>\nPlease find the details of PO Order below:<br>\n<br>\n@{outputs('Htmltable')}<br>\n<br>\n<strong>Regards,<br>\nAdmin</strong></p>","emailMessage/Attachments":"@variables('varAttachmentarray')","emailMessage/Importance":"Normal"},"authentication":"@parameters('$authentication')"}},"SiteURL":{"runAfter":{},"metadata":{"operationMetadataId":"5d417fe7-341a-4046-be6a-757d9b6ce698"},"type":"Compose","inputs":"https://xdzvk.sharepoint.com/sites/ITQatar"},"SharePointList":{"runAfter":{"SiteURL":["Succeeded"]},"metadata":{"operationMetadataId":"403e66d2-9142-4c6e-84ca-e8894f259dd4"},"type":"Compose","inputs":"POOrdersList"},"Htmltable":{"runAfter":{"Apply_to_each":["Succeeded"]},"metadata":{"operationMetadataId":"cf0db57f-8b79-4a5f-9a25-62d6356df8f0"},"type":"Compose","inputs":"<table style=\"border-collapse: collapse; width: 60%; font-family: Arial, sans-serif; font-size: 14px;\">\n  <tr style=\"background-color: #f2f2f2;\">\n    <th style=\"text-align: left; padding: 8px; border: 1px solid #ddd;\">Field</th>\n    <th style=\"text-align: left; padding: 8px; border: 1px solid #ddd;\">Value</th>\n  </tr>\n  <tr>\n    <td style=\"padding: 8px; border: 1px solid #ddd;\">Created By</td>\n    <td style=\"padding: 8px; border: 1px solid #ddd;\">@{triggerOutputs()?['body/Author/DisplayName']}</td>\n  </tr>\n  <tr>\n    <td style=\"padding: 8px; border: 1px solid #ddd;\">Mail</td>\n    <td style=\"padding: 8px; border: 1px solid #ddd;\">@{triggerOutputs()?['body/ID']}</td>\n  </tr>\n  <tr>\n    <td style=\"padding: 8px; border: 1px solid #ddd;\">Department</td>\n    <td style=\"padding: 8px; border: 1px solid #ddd;\">@{triggerOutputs()?['body/Department']}</td>\n  </tr>\n  <tr>\n    <td style=\"padding: 8px; border: 1px solid #ddd;\">Amount</td>\n    <td style=\"padding: 8px; border: 1px solid #ddd;\">@{triggerOutputs()?['body/Amount']}</td>\n  </tr>\n<tr>\n    <td style=\"padding: 8px; border: 1px solid #ddd;\">Purpose</td>\n    <td style=\"padding: 8px; border: 1px solid #ddd;\">@{triggerOutputs()?['body/Purpose']}</td>\n  </tr>\n</table>"}}},"connectionReferences":{"shared_sharepointonline":{"connectionName":"3e79d83706534f7fa545a7d176aefb08","source":"Embedded","id":"/providers/Microsoft.PowerApps/apis/shared_sharepointonline","tier":"NotSpecified","apiName":"sharepointonline","isProcessSimpleApiReferenceConversionAlreadyDone":false},"shared_office365":{"connectionName":"shared-office365-a9f06d7a-50c5-41f3-83cd-3eb21b1a03b7","source":"Embedded","id":"/providers/Microsoft.PowerApps/apis/shared_office365","tier":"NotSpecified","apiName":"office365","isProcessSimpleApiReferenceConversionAlreadyDone":false}},"flowFailureAlertSubscribed":false,"isManaged":false}}