{"name":"b89250bf-1868-41b0-bfd4-2eb440692a58","id":"/providers/Microsoft.Flow/flows/b89250bf-1868-41b0-bfd4-2eb440692a58","type":"Microsoft.Flow/flows","properties":{"apiId":"/providers/Microsoft.PowerApps/apis/shared_logicflows","displayName":"When an item is created -> Get item,Create HTML table","definition":{"metadata":{"workflowEntityId":null,"processAdvisorMetadata":null,"flowclientsuspensionreason":"None","flowclientsuspensiontime":null,"flowclientsuspensionreasondetails":null,"creator":{"id":"2bacd345-c9f6-4e92-b8a1-e786f0e778aa","type":"User","tenantId":"6d42f857-323b-499f-b352-d1fa626babf4"},"provisioningMethod":"FromDefinition","failureAlertSubscription":true,"clientLastModifiedTime":"2023-04-10T13:39:48.6007042Z"},"$schema":"https://schema.management.azure.com/providers/Microsoft.Logic/schemas/2016-06-01/workflowdefinition.json#","contentVersion":"1.0.0.0","parameters":{"$connections":{"defaultValue":{},"type":"Object"},"$authentication":{"defaultValue":{},"type":"SecureObject"}},"triggers":{"When_an_item_is_created":{"recurrence":{"frequency":"Minute","interval":5},"splitOn":"@triggerOutputs()?['body/value']","metadata":{"operationMetadataId":"4292ad75-e700-4466-8060-6a949f2b5588"},"type":"OpenApiConnection","inputs":{"host":{"apiId":"/providers/Microsoft.PowerApps/apis/shared_sharepointonline","connectionName":"shared_sharepointonline","operationId":"GetOnNewItems"},"parameters":{"dataset":"https://xdzvk.sharepoint.com/sites/Test/","table":"Test"},"authentication":"@parameters('$authentication')"}}},"actions":{"Get_item":{"runAfter":{"Get_items":["Succeeded"]},"metadata":{"operationMetadataId":"e7d13dc2-ec13-433e-ae97-d323b72996e5"},"type":"OpenApiConnection","inputs":{"host":{"apiId":"/providers/Microsoft.PowerApps/apis/shared_sharepointonline","connectionName":"shared_sharepointonline","operationId":"GetItem"},"parameters":{"dataset":"https://xdzvk.sharepoint.com/sites/Test/","table":"bd8a9527-7884-464e-9529-104497673eb0","id":"@triggerOutputs()?['body/ID']"},"authentication":"@parameters('$authentication')"}},"Create_HTML_table":{"runAfter":{"Get_item":["Succeeded"]},"metadata":{"operationMetadataId":"6b09d9cc-cb7a-4780-9b41-64e75f553f7a"},"type":"Table","inputs":{"from":"@outputs('Get_items')?['body/value']","format":"HTML"}},"Create_file":{"runAfter":{"Create_HTML_table":["Succeeded"]},"metadata":{"operationMetadataId":"3b8fd13b-22d0-4e28-bde6-371947b593db"},"type":"OpenApiConnection","inputs":{"host":{"apiId":"/providers/Microsoft.PowerApps/apis/shared_onedriveforbusiness","connectionName":"shared_onedriveforbusiness","operationId":"CreateFile"},"parameters":{"folderPath":"/demo/","name":"report.html","body":"@body('Create_HTML_table')"},"authentication":"@parameters('$authentication')"},"runtimeConfiguration":{"contentTransfer":{"transferMode":"Chunked"}}},"Convert_file_using_path":{"runAfter":{"Create_file":["Succeeded"]},"metadata":{"operationMetadataId":"f4c5715b-0e94-4e89-813b-e709f4b4a202"},"type":"OpenApiConnection","inputs":{"host":{"apiId":"/providers/Microsoft.PowerApps/apis/shared_onedriveforbusiness","connectionName":"shared_onedriveforbusiness","operationId":"ConvertFileByPath"},"parameters":{"path":"@outputs('Create_file')?['body/Path']","type":"PDF"},"authentication":"@parameters('$authentication')"}},"Create_file_2":{"runAfter":{"Convert_file_using_path":["Succeeded"]},"metadata":{"operationMetadataId":"0fa59752-df87-4c49-b5c6-198c6b352406"},"type":"OpenApiConnection","inputs":{"host":{"apiId":"/providers/Microsoft.PowerApps/apis/shared_onedriveforbusiness","connectionName":"shared_onedriveforbusiness","operationId":"CreateFile"},"parameters":{"folderPath":"/demo/","name":"Reort.PDF","body":"@body('Convert_file_using_path')"},"authentication":"@parameters('$authentication')"},"runtimeConfiguration":{"contentTransfer":{"transferMode":"Chunked"}}},"Get_items":{"runAfter":{},"metadata":{"operationMetadataId":"4337cc39-55e0-4408-a89c-ded6f20f1bd6"},"type":"OpenApiConnection","inputs":{"host":{"apiId":"/providers/Microsoft.PowerApps/apis/shared_sharepointonline","connectionName":"shared_sharepointonline","operationId":"GetItems"},"parameters":{"dataset":"https://xdzvk.sharepoint.com/sites/Test/","table":"bd8a9527-7884-464e-9529-104497673eb0"},"authentication":"@parameters('$authentication')"}}}},"connectionReferences":{"shared_sharepointonline":{"connectionName":"ca9dbfa3f1f340ee98194551e38796b7","source":"Embedded","id":"/providers/Microsoft.PowerApps/apis/shared_sharepointonline","tier":"NotSpecified"},"shared_onedriveforbusiness":{"connectionName":"shared-onedriveforbu-c8d0ca51-6955-4041-bca8-f20113aea887","source":"Embedded","id":"/providers/Microsoft.PowerApps/apis/shared_onedriveforbusiness","tier":"NotSpecified"}},"flowFailureAlertSubscribed":false,"isManaged":false}}