{"name":"35f942d5-7685-40db-9fc7-1170009811c2","id":"/providers/Microsoft.Flow/flows/35f942d5-7685-40db-9fc7-1170009811c2","type":"Microsoft.Flow/flows","properties":{"apiId":"/providers/Microsoft.PowerApps/apis/shared_logicflows","displayName":"Flow Excel vs SharePoint","definition":{"metadata":{"workflowEntityId":null,"processAdvisorMetadata":null,"flowclientsuspensionreason":"None","flowclientsuspensiontime":null,"creator":{"id":"4a169df4-3458-46b3-8091-0a55cd704a68","type":"User","tenantId":"2d0b98a5-b2f4-491b-9538-e92ed8057eb7"},"provisioningMethod":"FromDefinition","failureAlertSubscription":true,"clientLastModifiedTime":"2021-11-26T07:54:47.7203804Z"},"$schema":"https://schema.management.azure.com/providers/Microsoft.Logic/schemas/2016-06-01/workflowdefinition.json#","contentVersion":"1.0.0.0","parameters":{"$connections":{"defaultValue":{},"type":"Object"},"$authentication":{"defaultValue":{},"type":"SecureObject"}},"triggers":{"manual":{"metadata":{"operationMetadataId":"dc2811ae-df3e-45ac-b32f-54a2724595de"},"type":"Request","kind":"Button","inputs":{"schema":{"type":"object","properties":{"text":{"title":"Input","type":"string","x-ms-dynamically-added":true,"description":"1","x-ms-content-hint":"TEXT"}},"required":["text"]}}}},"actions":{"Try":{"actions":{"List_rows_present_in_a_table":{"runAfter":{},"limit":{"timeout":"P1D"},"metadata":{"01UHIUK6LOAC4JGLPAKVBZGMG33DGCVYIV":"/Book.xlsx","tableId":"{24431B8A-C9E3-426E-A915-9F8E5CF0F8B1}","01UHIUK6PL7WRFNZ24WBD2CM6JR737LLTM":"/Book.xlsx","01UHIUK6MI5IG6UNRUW5ALW3SQVUOC2ED7":"/2ndTable.xlsx","operationMetadataId":"3866494c-a553-4eda-a4f6-dc22fdd01671","01UHIUK6MEO4Q67ZKKDFFYQG74WCVTSZ3R":"/1stTable.xlsx","01UHIUK6I47NJAXNAM7RFJ5BQOJAGBMZBS":"/Book.xlsx","01UHIUK6OBU7WITH4AQBD2ZBPJTRECF4VW":"/output.xlsx"},"type":"OpenApiConnection","inputs":{"host":{"apiId":"/providers/Microsoft.PowerApps/apis/shared_excelonlinebusiness","connectionName":"shared_excelonlinebusiness_1","operationId":"GetItems"},"parameters":{"source":"me","drive":"b!fCaP_rsqtkurGAOdcK8_AjOrDjqpj71KtWi8Temgje6im3jrMtzsRYK1TfigreRK","file":"01UHIUK6OBU7WITH4AQBD2ZBPJTRECF4VW","table":"{24431B8A-C9E3-426E-A915-9F8E5CF0F8B1}"},"authentication":"@parameters('$authentication')"},"runtimeConfiguration":{"paginationPolicy":{"minimumItemCount":5000}}},"Apply_to_each":{"foreach":"@outputs('List_rows_present_in_a_table')?['body/value']","actions":{"Get_items":{"runAfter":{},"metadata":{"operationMetadataId":"feecabbd-e465-4777-8da1-e01e6b6f6b01"},"type":"OpenApiConnection","inputs":{"host":{"apiId":"/providers/Microsoft.PowerApps/apis/shared_sharepointonline","connectionName":"shared_sharepointonline","operationId":"GetItems"},"parameters":{"dataset":"https://gthoutu123.sharepoint.com/sites/Sharepoint","table":"4ca61802-fe8f-4435-bbd1-e0d309fb2cdf","$filter":"(Name eq '@{items('Apply_to_each')?['Name']}') and (Email eq '@{items('Apply_to_each')?['Email']}')"},"authentication":"@parameters('$authentication')"}},"Condition":{"actions":{"Apply_to_each_2":{"foreach":"@outputs('Get_items')?['body/value']","actions":{"Update_item":{"runAfter":{},"metadata":{"operationMetadataId":"50e24536-e26f-4e82-af88-4d2cae22811c"},"type":"OpenApiConnection","inputs":{"host":{"apiId":"/providers/Microsoft.PowerApps/apis/shared_sharepointonline","connectionName":"shared_sharepointonline","operationId":"PatchItem"},"parameters":{"dataset":"https://gthoutu123.sharepoint.com/sites/Sharepoint","table":"4ca61802-fe8f-4435-bbd1-e0d309fb2cdf","id":"@items('Apply_to_each_2')?['ID']","item/Title":"Test","item/Name":"@items('Apply_to_each')?['Name']","item/Email":"@items('Apply_to_each')?['Email']","item/ApprovalStage":"@items('Apply_to_each')?['Approval Stage']"},"authentication":"@parameters('$authentication')"}}},"runAfter":{},"metadata":{"operationMetadataId":"c185bcbf-e953-42b4-abda-f86f25554ffe"},"type":"Foreach"}},"runAfter":{"Get_items":["Succeeded"]},"else":{"actions":{"Create_item":{"runAfter":{},"metadata":{"operationMetadataId":"ed6c2449-0366-4b4c-8f8e-f87afb34746a"},"type":"OpenApiConnection","inputs":{"host":{"apiId":"/providers/Microsoft.PowerApps/apis/shared_sharepointonline","connectionName":"shared_sharepointonline","operationId":"PostItem"},"parameters":{"dataset":"https://gthoutu123.sharepoint.com/sites/Sharepoint","table":"4ca61802-fe8f-4435-bbd1-e0d309fb2cdf","item/Title":"Test","item/Name":"@items('Apply_to_each')?['Name']","item/Email":"@items('Apply_to_each')?['Email']","item/ApprovalStage":"@items('Apply_to_each')?['Approval Stage']"},"authentication":"@parameters('$authentication')"}}}},"expression":{"not":{"equals":["@length(outputs('Get_items')?['body/value'])",0]}},"metadata":{"operationMetadataId":"74e8a781-6d73-4758-96bf-a4698040f7aa"},"type":"If"}},"runAfter":{"List_rows_present_in_a_table":["Succeeded"]},"metadata":{"operationMetadataId":"d0a254b5-0795-4949-b489-15d73035d12a"},"type":"Foreach","runtimeConfiguration":{"concurrency":{"repetitions":50}}}},"runAfter":{},"metadata":{"operationMetadataId":"ca0ded99-fd5e-485c-a7ab-45d07778ad9f"},"type":"Scope"},"Success":{"actions":{"Send_an_email_(V2)":{"runAfter":{},"metadata":{"operationMetadataId":"7a53322e-43c5-4bfe-b5f4-d9931a4a9593"},"type":"OpenApiConnection","inputs":{"host":{"apiId":"/providers/Microsoft.PowerApps/apis/shared_office365","connectionName":"shared_office365","operationId":"SendEmailV2"},"parameters":{"emailMessage/To":"gthoutu123@gthoutu123.onmicrosoft.com","emailMessage/Subject":"Flow is Successful","emailMessage/Body":"<p><strong>Hi Team,</strong><br>\n<br>\nFlow is Successfully completed.<br>\n<br>\n<strong>Regards,</strong><br>\n</p>"},"authentication":{"value":"@json(decodeBase64(triggerOutputs().headers['X-MS-APIM-Tokens']))['$ConnectionKey']","type":"Raw"}}}},"runAfter":{"Try":["Succeeded"]},"metadata":{"operationMetadataId":"732e9d8d-7382-4575-ae1c-9dadc4263d17"},"type":"Scope"},"Failure":{"actions":{"Send_an_email_(V2)_2":{"runAfter":{},"metadata":{"operationMetadataId":"c9e3333f-c9a1-49b8-9d32-25765b4205fe"},"type":"OpenApiConnection","inputs":{"host":{"apiId":"/providers/Microsoft.PowerApps/apis/shared_office365","connectionName":"shared_office365","operationId":"SendEmailV2"},"parameters":{"emailMessage/To":"gthoutu123@gthoutu123.onmicrosoft.com","emailMessage/Subject":"Flow is Failure","emailMessage/Body":"<p><strong>Hi Team,</strong><br>\n<br>\nFlow is failed.<br>\n<br>\nPlease find the flow link below.<br>\n<br>\nFlow link : @{concat(\r\n    'https://emea.flow.microsoft.com/manage/environments/',\r\n    workflow()['tags']['environmentName'],\r\n    '/flows/',\r\n    workflow()['name'],\r\n    '/runs/',\r\n    workflow()['run']['name']\r\n)} <br>\n<strong>Regards,<br>\nAdmin</strong></p>"},"authentication":{"value":"@json(decodeBase64(triggerOutputs().headers['X-MS-APIM-Tokens']))['$ConnectionKey']","type":"Raw"}}}},"runAfter":{"Try":["Failed","Skipped","TimedOut"]},"metadata":{"operationMetadataId":"cf6974fa-8f6e-4356-9a1e-509f67353c7c"},"type":"Scope"}}},"connectionReferences":{"shared_excelonlinebusiness_1":{"connectionName":"shared-excelonlinebu-d88e38b7-8b5f-46d3-81f2-7125-283f7862","source":"Embedded","id":"/providers/Microsoft.PowerApps/apis/shared_excelonlinebusiness","tier":"NotSpecified"},"shared_sharepointonline":{"connectionName":"34de590b4ff446e786aa3bfac5edf5f9","source":"Embedded","id":"/providers/Microsoft.PowerApps/apis/shared_sharepointonline","tier":"NotSpecified"},"shared_office365":{"connectionName":"shared-office365-81d783f7-59ad-4339-a542-97fd-2fb96353","source":"Invoker","id":"/providers/Microsoft.PowerApps/apis/shared_office365","tier":"NotSpecified"}},"flowFailureAlertSubscribed":false}}